signature,file,startline,startcol,endline,endcol,properties
Landroid/app/usage/NetworkStatsManager;->setPollForce(Z)V,packages/modules/Connectivity/framework-t/src/android/app/usage/NetworkStatsManager.java,203,5,203,88,maxTargetSdk=30&trackingBug=170729553L
Landroid/net/ConnectivityManager$PacketKeepalive;->stop()V,packages/modules/Connectivity/framework/src/android/net/ConnectivityManager.java,2449,9,2449,92,maxTargetSdk=30&trackingBug=170729553L
Landroid/net/ConnectivityManager$PacketKeepaliveCallback;-><init>()V,packages/modules/Connectivity/framework/src/android/net/ConnectivityManager.java,2373,9,2373,92,maxTargetSdk=30&trackingBug=170729553L
Landroid/net/ConnectivityManager$PacketKeepaliveCallback;->onStarted()V,packages/modules/Connectivity/framework/src/android/net/ConnectivityManager.java,2377,9,2377,92,maxTargetSdk=30&trackingBug=170729553L
Landroid/net/ConnectivityManager$PacketKeepaliveCallback;->onStopped()V,packages/modules/Connectivity/framework/src/android/net/ConnectivityManager.java,2382,9,2382,92,maxTargetSdk=30&trackingBug=170729553L
Landroid/net/ConnectivityManager$PacketKeepaliveCallback;->onError(I)V,packages/modules/Connectivity/framework/src/android/net/ConnectivityManager.java,2387,9,2387,92,maxTargetSdk=30&trackingBug=170729553L
Landroid/net/ConnectivityManager;->INET_CONDITION_ACTION:Ljava/lang/String;,packages/modules/Connectivity/framework/src/android/net/ConnectivityManager.java,368,5,368,25,
Landroid/net/ConnectivityManager;->ACTION_TETHER_STATE_CHANGED:Ljava/lang/String;,packages/modules/Connectivity/framework/src/android/net/ConnectivityManager.java,383,5,383,88,maxTargetSdk=30&trackingBug=170729553L
Landroid/net/ConnectivityManager;->EXTRA_AVAILABLE_TETHER:Ljava/lang/String;,packages/modules/Connectivity/framework/src/android/net/ConnectivityManager.java,392,5,392,88,maxTargetSdk=30&trackingBug=170729553L
Landroid/net/ConnectivityManager;->EXTRA_ACTIVE_TETHER:Ljava/lang/String;,packages/modules/Connectivity/framework/src/android/net/ConnectivityManager.java,407,5,407,88,maxTargetSdk=30&trackingBug=170729553L
Landroid/net/ConnectivityManager;->EXTRA_ERRORED_TETHER:Ljava/lang/String;,packages/modules/Connectivity/framework/src/android/net/ConnectivityManager.java,416,5,416,88,maxTargetSdk=30&trackingBug=170729553L
Landroid/net/ConnectivityManager;->TYPE_MOBILE_FOTA:I,packages/modules/Connectivity/framework/src/android/net/ConnectivityManager.java,680,5,680,88,maxTargetSdk=28&trackingBug=130143562L
Landroid/net/ConnectivityManager;->TYPE_MOBILE_IMS:I,packages/modules/Connectivity/framework/src/android/net/ConnectivityManager.java,689,5,689,25,
Landroid/net/ConnectivityManager;->TYPE_MOBILE_CBS:I,packages/modules/Connectivity/framework/src/android/net/ConnectivityManager.java,698,5,698,88,maxTargetSdk=28&trackingBug=130143562L
Landroid/net/ConnectivityManager;->TYPE_MOBILE_IA:I,packages/modules/Connectivity/framework/src/android/net/ConnectivityManager.java,717,5,717,25,
Landroid/net/ConnectivityManager;->TYPE_MOBILE_EMERGENCY:I,packages/modules/Connectivity/framework/src/android/net/ConnectivityManager.java,727,5,727,88,maxTargetSdk=28&trackingBug=130143562L
Landroid/net/ConnectivityManager;->mService:Landroid/net/IConnectivityManager;,packages/modules/Connectivity/framework/src/android/net/ConnectivityManager.java,990,5,990,88,maxTargetSdk=28&trackingBug=130143562L
Landroid/net/ConnectivityManager;->getNetworkTypeName(I)Ljava/lang/String;,packages/modules/Connectivity/framework/src/android/net/ConnectivityManager.java,1276,5,1276,88,maxTargetSdk=30&trackingBug=170729553L
Landroid/net/ConnectivityManager;->isNetworkTypeMobile(I)Z,packages/modules/Connectivity/framework/src/android/net/ConnectivityManager.java,1345,5,1345,88,maxTargetSdk=28&trackingBug=130143562L
Landroid/net/ConnectivityManager;->getActiveNetworkInfoForUid(I)Landroid/net/NetworkInfo;,packages/modules/Connectivity/framework/src/android/net/ConnectivityManager.java,1717,5,1717,88,maxTargetSdk=30&trackingBug=170729553L
Landroid/net/ConnectivityManager;->getNetworkForType(I)Landroid/net/Network;,packages/modules/Connectivity/framework/src/android/net/ConnectivityManager.java,1836,5,1836,25,
Landroid/net/ConnectivityManager;->getDefaultNetworkCapabilitiesForUser(I)[Landroid/net/NetworkCapabilities;,packages/modules/Connectivity/framework/src/android/net/ConnectivityManager.java,1873,5,1873,25,
Landroid/net/ConnectivityManager;->getActiveLinkProperties()Landroid/net/LinkProperties;,packages/modules/Connectivity/framework/src/android/net/ConnectivityManager.java,1897,5,1897,88,maxTargetSdk=28&trackingBug=109783091L
Landroid/net/ConnectivityManager;->getLinkProperties(I)Landroid/net/LinkProperties;,packages/modules/Connectivity/framework/src/android/net/ConnectivityManager.java,1922,5,1922,88,maxTargetSdk=28&trackingBug=130143562L
Landroid/net/ConnectivityManager;->networkCapabilitiesForFeature(ILjava/lang/String;)Landroid/net/NetworkCapabilities;,packages/modules/Connectivity/framework/src/android/net/ConnectivityManager.java,2159,5,2159,88,maxTargetSdk=30&trackingBug=170729553L
Landroid/net/ConnectivityManager;->sLegacyRequests:Ljava/util/HashMap;,packages/modules/Connectivity/framework/src/android/net/ConnectivityManager.java,2245,5,2245,88,maxTargetSdk=30&trackingBug=170729553L
Landroid/net/ConnectivityManager;->requestNetworkForFeatureLocked(Landroid/net/NetworkCapabilities;)Landroid/net/NetworkRequest;,packages/modules/Connectivity/framework/src/android/net/ConnectivityManager.java,2274,5,2274,88,maxTargetSdk=30&trackingBug=170729553L
Landroid/net/ConnectivityManager;->removeRequestForFeature(Landroid/net/NetworkCapabilities;)Z,packages/modules/Connectivity/framework/src/android/net/ConnectivityManager.java,2304,5,2304,88,maxTargetSdk=30&trackingBug=170729553L
Landroid/net/ConnectivityManager;->startNattKeepalive(Landroid/net/Network;ILandroid/net/ConnectivityManager$PacketKeepaliveCallback;Ljava/net/InetAddress;ILjava/net/InetAddress;)Landroid/net/ConnectivityManager$PacketKeepalive;,packages/modules/Connectivity/framework/src/android/net/ConnectivityManager.java,2550,5,2550,88,maxTargetSdk=30&trackingBug=170729553L
Landroid/net/ConnectivityManager;->requestRouteToHostAddress(ILjava/net/InetAddress;)Z,packages/modules/Connectivity/framework/src/android/net/ConnectivityManager.java,2750,5,2750,25,
Landroid/net/ConnectivityManager;->setBackgroundDataSetting(Z)V,packages/modules/Connectivity/framework/src/android/net/ConnectivityManager.java,2796,5,2796,25,
Landroid/net/ConnectivityManager;->getMobileDataEnabled()Z,packages/modules/Connectivity/framework/src/android/net/ConnectivityManager.java,2806,5,2806,25,
Landroid/net/ConnectivityManager;->from(Landroid/content/Context;)Landroid/net/ConnectivityManager;,packages/modules/Connectivity/framework/src/android/net/ConnectivityManager.java,2933,5,2933,25,
Landroid/net/ConnectivityManager;->getInstance()Landroid/net/ConnectivityManager;,packages/modules/Connectivity/framework/src/android/net/ConnectivityManager.java,2978,5,2978,25,
Landroid/net/ConnectivityManager;->getTetherableIfaces()[Ljava/lang/String;,packages/modules/Connectivity/framework/src/android/net/ConnectivityManager.java,2996,5,2996,25,
Landroid/net/ConnectivityManager;->getTetheredIfaces()[Ljava/lang/String;,packages/modules/Connectivity/framework/src/android/net/ConnectivityManager.java,3011,5,3011,25,
Landroid/net/ConnectivityManager;->getTetheringErroredIfaces()[Ljava/lang/String;,packages/modules/Connectivity/framework/src/android/net/ConnectivityManager.java,3032,5,3032,25,
Landroid/net/ConnectivityManager;->tether(Ljava/lang/String;)I,packages/modules/Connectivity/framework/src/android/net/ConnectivityManager.java,3077,5,3077,88,maxTargetSdk=30&trackingBug=170729553L
Landroid/net/ConnectivityManager;->untether(Ljava/lang/String;)I,packages/modules/Connectivity/framework/src/android/net/ConnectivityManager.java,3102,5,3102,25,
Landroid/net/ConnectivityManager;->getTetherableUsbRegexs()[Ljava/lang/String;,packages/modules/Connectivity/framework/src/android/net/ConnectivityManager.java,3340,5,3340,25,
Landroid/net/ConnectivityManager;->getTetherableWifiRegexs()[Ljava/lang/String;,packages/modules/Connectivity/framework/src/android/net/ConnectivityManager.java,3358,5,3358,25,
Landroid/net/ConnectivityManager;->getTetherableBluetoothRegexs()[Ljava/lang/String;,packages/modules/Connectivity/framework/src/android/net/ConnectivityManager.java,3377,5,3377,25,
Landroid/net/ConnectivityManager;->setUsbTethering(Z)I,packages/modules/Connectivity/framework/src/android/net/ConnectivityManager.java,3401,5,3401,25,
Landroid/net/ConnectivityManager;->getLastTetherError(Ljava/lang/String;)I,packages/modules/Connectivity/framework/src/android/net/ConnectivityManager.java,3517,5,3517,88,maxTargetSdk=30&trackingBug=170729553L
Landroid/net/ConnectivityManager;->isNetworkSupported(I)Z,packages/modules/Connectivity/framework/src/android/net/ConnectivityManager.java,3766,5,3766,88,maxTargetSdk=28&trackingBug=130143562L
Landroid/net/ConnectivityManager;->setProcessDefaultNetworkForHostResolution(Landroid/net/Network;)Z,packages/modules/Connectivity/framework/src/android/net/ConnectivityManager.java,5972,5,5972,88,maxTargetSdk=30&trackingBug=170729553L
Landroid/net/EthernetManager$Listener;->onAvailabilityChanged(Ljava/lang/String;Z)V,packages/modules/Connectivity/framework-t/src/android/net/EthernetManager.java,165,9,165,92,maxTargetSdk=30&trackingBug=170729553L
Landroid/net/EthernetManager;->getConfiguration(Ljava/lang/String;)Landroid/net/IpConfiguration;,packages/modules/Connectivity/framework-t/src/android/net/EthernetManager.java,192,5,192,88,maxTargetSdk=30&trackingBug=170729553L
Landroid/net/EthernetManager;->setConfiguration(Ljava/lang/String;Landroid/net/IpConfiguration;)V,packages/modules/Connectivity/framework-t/src/android/net/EthernetManager.java,205,5,205,88,maxTargetSdk=30&trackingBug=170729553L
Landroid/net/EthernetManager;->isAvailable()Z,packages/modules/Connectivity/framework-t/src/android/net/EthernetManager.java,218,5,218,88,maxTargetSdk=30&trackingBug=170729553L
Landroid/net/EthernetManager;->isAvailable(Ljava/lang/String;)Z,packages/modules/Connectivity/framework-t/src/android/net/EthernetManager.java,229,5,229,88,maxTargetSdk=30&trackingBug=170729553L
Landroid/net/EthernetManager;->addListener(Landroid/net/EthernetManager$Listener;)V,packages/modules/Connectivity/framework-t/src/android/net/EthernetManager.java,246,5,246,88,maxTargetSdk=30&trackingBug=170729553L
Landroid/net/EthernetManager;->addListener(Landroid/net/EthernetManager$Listener;Ljava/util/concurrent/Executor;)V,packages/modules/Connectivity/framework-t/src/android/net/EthernetManager.java,260,5,260,88,maxTargetSdk=30&trackingBug=170729553L
Landroid/net/EthernetManager;->getAvailableInterfaces()[Ljava/lang/String;,packages/modules/Connectivity/framework-t/src/android/net/EthernetManager.java,319,5,319,88,maxTargetSdk=30&trackingBug=170729553L
Landroid/net/EthernetManager;->removeListener(Landroid/net/EthernetManager$Listener;)V,packages/modules/Connectivity/framework-t/src/android/net/EthernetManager.java,359,5,359,88,maxTargetSdk=30&trackingBug=170729553L
Landroid/net/IConnectivityManager;->getActiveNetworkInfo()Landroid/net/NetworkInfo;,packages/modules/Connectivity/framework/src/android/net/IConnectivityManager.aidl,61,1,61,25,
Landroid/net/IConnectivityManager;->getNetworkInfo(I)Landroid/net/NetworkInfo;,packages/modules/Connectivity/framework/src/android/net/IConnectivityManager.aidl,64,1,64,44,maxTargetSdk=28
Landroid/net/IConnectivityManager;->getAllNetworkInfo()[Landroid/net/NetworkInfo;,packages/modules/Connectivity/framework/src/android/net/IConnectivityManager.aidl,67,1,67,25,
Landroid/net/IConnectivityManager;->getActiveLinkProperties()Landroid/net/LinkProperties;,packages/modules/Connectivity/framework/src/android/net/IConnectivityManager.aidl,76,1,76,25,
Landroid/net/IConnectivityManager;->getAllNetworkState()[Landroid/net/NetworkState;,packages/modules/Connectivity/framework/src/android/net/IConnectivityManager.aidl,89,1,89,69,maxTargetSdk=30&trackingBug=170729553L
Landroid/net/IConnectivityManager;->getLastTetherError(Ljava/lang/String;)I,packages/modules/Connectivity/framework/src/android/net/IConnectivityManager.aidl,99,1,100,99,maxTargetSdk=29&publicAlternatives=%22Use+%7B%40code+TetheringManager%23getLastTetherError%7D+as+alternative%22
Landroid/net/IConnectivityManager;->getTetherableIfaces()[Ljava/lang/String;,packages/modules/Connectivity/framework/src/android/net/IConnectivityManager.aidl,103,1,104,100,maxTargetSdk=29&publicAlternatives=%22Use+%7B%40code+TetheringManager%23getTetherableIfaces%7D+as+alternative%22
Landroid/net/IConnectivityManager;->getTetheredIfaces()[Ljava/lang/String;,packages/modules/Connectivity/framework/src/android/net/IConnectivityManager.aidl,107,1,108,98,maxTargetSdk=29&publicAlternatives=%22Use+%7B%40code+TetheringManager%23getTetheredIfaces%7D+as+alternative%22
Landroid/net/IConnectivityManager;->getTetheringErroredIfaces()[Ljava/lang/String;,packages/modules/Connectivity/framework/src/android/net/IConnectivityManager.aidl,111,1,113,32,maxTargetSdk=29&publicAlternatives=%22Use+%7B%40code+TetheringManager%23getTetheringErroredIfaces%7D+as+Alternative%22
Landroid/net/IConnectivityManager;->getTetherableUsbRegexs()[Ljava/lang/String;,packages/modules/Connectivity/framework/src/android/net/IConnectivityManager.aidl,116,1,117,103,maxTargetSdk=29&publicAlternatives=%22Use+%7B%40code+TetheringManager%23getTetherableUsbRegexs%7D+as+alternative%22
Landroid/net/IConnectivityManager;->getTetherableWifiRegexs()[Ljava/lang/String;,packages/modules/Connectivity/framework/src/android/net/IConnectivityManager.aidl,120,1,121,104,maxTargetSdk=29&publicAlternatives=%22Use+%7B%40code+TetheringManager%23getTetherableWifiRegexs%7D+as+alternative%22
Landroid/net/IConnectivityManager;->reportInetCondition(II)V,packages/modules/Connectivity/framework/src/android/net/IConnectivityManager.aidl,124,1,124,44,maxTargetSdk=28
Landroid/net/INetworkStatsService;->openSession()Landroid/net/INetworkStatsSession;,packages/modules/Connectivity/framework-t/src/android/net/INetworkStatsService.aidl,38,1,38,25,
Landroid/net/INetworkStatsService;->openSessionForUsageStats(ILjava/lang/String;)Landroid/net/INetworkStatsSession;,packages/modules/Connectivity/framework-t/src/android/net/INetworkStatsService.aidl,47,1,47,69,maxTargetSdk=30&trackingBug=170729553L
Landroid/net/INetworkStatsService;->getDataLayerSnapshotForUid(I)Landroid/net/NetworkStats;,packages/modules/Connectivity/framework-t/src/android/net/INetworkStatsService.aidl,51,1,51,25,
Landroid/net/INetworkStatsService;->getMobileIfaces()[Ljava/lang/String;,packages/modules/Connectivity/framework-t/src/android/net/INetworkStatsService.aidl,58,1,58,25,
Landroid/net/INetworkStatsService;->forceUpdate()V,packages/modules/Connectivity/framework-t/src/android/net/INetworkStatsService.aidl,71,1,71,25,
Landroid/net/INetworkStatsSession;->getSummaryForNetwork(Landroid/net/NetworkTemplate;JJ)Landroid/net/NetworkStats;,packages/modules/Connectivity/framework-t/src/android/net/INetworkStatsSession.aidl,30,1,30,25,
Landroid/net/INetworkStatsSession;->getHistoryForNetwork(Landroid/net/NetworkTemplate;I)Landroid/net/NetworkStatsHistory;,packages/modules/Connectivity/framework-t/src/android/net/INetworkStatsSession.aidl,33,1,33,25,
Landroid/net/INetworkStatsSession;->getSummaryForAllUid(Landroid/net/NetworkTemplate;JJZ)Landroid/net/NetworkStats;,packages/modules/Connectivity/framework-t/src/android/net/INetworkStatsSession.aidl,52,1,52,25,
Landroid/net/INetworkStatsSession;->getHistoryForUid(Landroid/net/NetworkTemplate;IIII)Landroid/net/NetworkStatsHistory;,packages/modules/Connectivity/framework-t/src/android/net/INetworkStatsSession.aidl,59,1,59,25,
Landroid/net/INetworkStatsSession;->close()V,packages/modules/Connectivity/framework-t/src/android/net/INetworkStatsSession.aidl,67,1,67,25,
Landroid/net/IpConfiguration;->httpProxy:Landroid/net/ProxyInfo;,packages/modules/Connectivity/framework/src/android/net/IpConfiguration.java,84,5,84,25,
Landroid/net/IpConfiguration;-><init>(Landroid/net/IpConfiguration$IpAssignment;Landroid/net/IpConfiguration$ProxySettings;Landroid/net/StaticIpConfiguration;Landroid/net/ProxyInfo;)V,packages/modules/Connectivity/framework/src/android/net/IpConfiguration.java,106,5,106,88,maxTargetSdk=30&trackingBug=170729553L
Landroid/net/LinkAddress;->address:Ljava/net/InetAddress;,packages/modules/Connectivity/framework/src/android/net/LinkAddress.java,83,5,83,88,maxTargetSdk=28&trackingBug=115609023L
Landroid/net/LinkAddress;->prefixLength:I,packages/modules/Connectivity/framework/src/android/net/LinkAddress.java,89,5,89,88,maxTargetSdk=28&trackingBug=115609023L
Landroid/net/LinkAddress;->isIPv6()Z,packages/modules/Connectivity/framework/src/android/net/LinkAddress.java,170,5,170,63,maxTargetSdk=28
Landroid/net/LinkAddress;->getNetworkPrefixLength()I,packages/modules/Connectivity/framework/src/android/net/LinkAddress.java,410,5,410,25,
Landroid/net/LinkProperties;->mIfaceName:Ljava/lang/String;,packages/modules/Connectivity/framework/src/android/net/LinkProperties.java,61,5,61,88,maxTargetSdk=28&trackingBug=115609023L
Landroid/net/LinkProperties;->compareProvisioning(Landroid/net/LinkProperties;Landroid/net/LinkProperties;)Landroid/net/LinkProperties$ProvisioningChange;,packages/modules/Connectivity/framework/src/android/net/LinkProperties.java,121,5,121,88,maxTargetSdk=30&trackingBug=170729553L
Landroid/net/LinkProperties;->getAllAddresses()Ljava/util/List;,packages/modules/Connectivity/framework/src/android/net/LinkProperties.java,270,5,270,25,
Landroid/net/LinkProperties;->addStackedLink(Landroid/net/LinkProperties;)Z,packages/modules/Connectivity/framework/src/android/net/LinkProperties.java,853,5,853,25,
Landroid/net/LinkProperties;->getStackedLinks()Ljava/util/List;,packages/modules/Connectivity/framework/src/android/net/LinkProperties.java,881,5,881,88,maxTargetSdk=30&trackingBug=170729553L
Landroid/net/LinkProperties;->hasIPv4Address()Z,packages/modules/Connectivity/framework/src/android/net/LinkProperties.java,1053,5,1053,63,maxTargetSdk=28
Landroid/net/LinkProperties;->hasGlobalIPv6Address()Z,packages/modules/Connectivity/framework/src/android/net/LinkProperties.java,1108,5,1108,63,maxTargetSdk=28
Landroid/net/LinkProperties;->hasIPv4DefaultRoute()Z,packages/modules/Connectivity/framework/src/android/net/LinkProperties.java,1151,5,1151,63,maxTargetSdk=28
Landroid/net/LinkProperties;->hasIPv6DefaultRoute()Z,packages/modules/Connectivity/framework/src/android/net/LinkProperties.java,1179,5,1179,63,maxTargetSdk=28
Landroid/net/LinkProperties;->hasIPv4DnsServer()Z,packages/modules/Connectivity/framework/src/android/net/LinkProperties.java,1207,5,1207,63,maxTargetSdk=28
Landroid/net/LinkProperties;->hasIPv6DnsServer()Z,packages/modules/Connectivity/framework/src/android/net/LinkProperties.java,1235,5,1235,63,maxTargetSdk=28
Landroid/net/LinkProperties;->isIPv6Provisioned()Z,packages/modules/Connectivity/framework/src/android/net/LinkProperties.java,1305,5,1305,63,maxTargetSdk=28
Landroid/net/LinkProperties;->isIdenticalInterfaceName(Landroid/net/LinkProperties;)Z,packages/modules/Connectivity/framework/src/android/net/LinkProperties.java,1383,5,1383,25,
Landroid/net/LinkProperties;->isIdenticalAddresses(Landroid/net/LinkProperties;)Z,packages/modules/Connectivity/framework/src/android/net/LinkProperties.java,1406,5,1406,25,
Landroid/net/LinkProperties;->isIdenticalDnses(Landroid/net/LinkProperties;)Z,packages/modules/Connectivity/framework/src/android/net/LinkProperties.java,1418,5,1418,25,
Landroid/net/LinkProperties;->isIdenticalRoutes(Landroid/net/LinkProperties;)Z,packages/modules/Connectivity/framework/src/android/net/LinkProperties.java,1475,5,1475,25,
Landroid/net/LinkProperties;->isIdenticalHttpProxy(Landroid/net/LinkProperties;)Z,packages/modules/Connectivity/framework/src/android/net/LinkProperties.java,1487,5,1487,88,maxTargetSdk=28&trackingBug=115609023L
Landroid/net/LinkProperties;->isIdenticalStackedLinks(Landroid/net/LinkProperties;)Z,packages/modules/Connectivity/framework/src/android/net/LinkProperties.java,1499,5,1499,88,maxTargetSdk=30&trackingBug=170729553L
Landroid/net/MacAddress;->ALL_ZEROS_ADDRESS:Landroid/net/MacAddress;,packages/modules/Connectivity/framework/src/android/net/MacAddress.java,62,5,62,88,maxTargetSdk=30&trackingBug=170729553L
Landroid/net/Network;->netId:I,packages/modules/Connectivity/framework/src/android/net/Network.java,69,5,69,25,
Landroid/net/Network;-><init>(I)V,packages/modules/Connectivity/framework/src/android/net/Network.java,115,5,115,88,maxTargetSdk=30&trackingBug=170729553L
Landroid/net/NetworkAgent;->sendNetworkInfo(Landroid/net/NetworkInfo;)V,packages/modules/Connectivity/framework/src/android/net/NetworkAgent.java,1139,5,1139,88,maxTargetSdk=28&trackingBug=115609023L
Landroid/net/NetworkCapabilities;->mNetworkCapabilities:J,packages/modules/Connectivity/framework/src/android/net/NetworkCapabilities.java,404,5,404,88,maxTargetSdk=30&trackingBug=170729553L
Landroid/net/NetworkCapabilities;->mSignalStrength:I,packages/modules/Connectivity/framework/src/android/net/NetworkCapabilities.java,1885,5,1885,63,maxTargetSdk=28
Landroid/net/NetworkCapabilities;->hasSignalStrength()Z,packages/modules/Connectivity/framework/src/android/net/NetworkCapabilities.java,1911,5,1911,88,maxTargetSdk=30&trackingBug=170729553L
Landroid/net/NetworkCapabilities;->transportNamesOf([I)Ljava/lang/String;,packages/modules/Connectivity/framework/src/android/net/NetworkCapabilities.java,2649,5,2649,88,maxTargetSdk=30&trackingBug=170729553L
Landroid/net/NetworkInfo;-><init>(Landroid/net/NetworkInfo;)V,packages/modules/Connectivity/framework/src/android/net/NetworkInfo.java,182,5,182,25,
Landroid/net/NetworkInfo;->setSubtype(ILjava/lang/String;)V,packages/modules/Connectivity/framework/src/android/net/NetworkInfo.java,253,5,253,25,
Landroid/net/NetworkInfo;->setIsAvailable(Z)V,packages/modules/Connectivity/framework/src/android/net/NetworkInfo.java,390,5,390,25,
Landroid/net/NetworkInfo;->setFailover(Z)V,packages/modules/Connectivity/framework/src/android/net/NetworkInfo.java,421,5,421,25,
Landroid/net/NetworkInfo;->setRoaming(Z)V,packages/modules/Connectivity/framework/src/android/net/NetworkInfo.java,452,5,452,25,
Landroid/net/NetworkRequest;->networkCapabilities:Landroid/net/NetworkCapabilities;,packages/modules/Connectivity/framework/src/android/net/NetworkRequest.java,166,5,166,88,maxTargetSdk=30&trackingBug=170729553L
Landroid/net/NetworkRequest;->requestId:I,packages/modules/Connectivity/framework/src/android/net/NetworkRequest.java,175,5,175,88,maxTargetSdk=30&trackingBug=170729553L
Landroid/net/NetworkRequest;->legacyType:I,packages/modules/Connectivity/framework/src/android/net/NetworkRequest.java,183,5,183,88,maxTargetSdk=28&trackingBug=115609023L
Landroid/net/NetworkState;->network:Landroid/net/Network;,packages/modules/Connectivity/framework/src/android/net/NetworkState.java,41,5,41,88,maxTargetSdk=28&trackingBug=115609023L
Landroid/net/NetworkState;-><init>(Landroid/os/Parcel;)V,packages/modules/Connectivity/framework/src/android/net/NetworkState.java,92,5,92,25,
Landroid/net/NetworkState;->CREATOR:Landroid/os/Parcelable$Creator;,packages/modules/Connectivity/framework/src/android/net/NetworkState.java,117,5,117,25,
Landroid/net/NetworkStats$Entry;->iface:Ljava/lang/String;,packages/modules/Connectivity/framework-t/src/android/net/NetworkStats.java,258,9,258,92,maxTargetSdk=30&trackingBug=170729553L
Landroid/net/NetworkStats$Entry;->uid:I,packages/modules/Connectivity/framework-t/src/android/net/NetworkStats.java,261,9,261,29,
Landroid/net/NetworkStats$Entry;->set:I,packages/modules/Connectivity/framework-t/src/android/net/NetworkStats.java,264,9,264,29,
Landroid/net/NetworkStats$Entry;->tag:I,packages/modules/Connectivity/framework-t/src/android/net/NetworkStats.java,267,9,267,92,maxTargetSdk=30&trackingBug=170729553L
Landroid/net/NetworkStats$Entry;->rxBytes:J,packages/modules/Connectivity/framework-t/src/android/net/NetworkStats.java,291,9,291,29,
Landroid/net/NetworkStats$Entry;->rxPackets:J,packages/modules/Connectivity/framework-t/src/android/net/NetworkStats.java,294,9,294,92,maxTargetSdk=30&trackingBug=170729553L
Landroid/net/NetworkStats$Entry;->txBytes:J,packages/modules/Connectivity/framework-t/src/android/net/NetworkStats.java,297,9,297,29,
Landroid/net/NetworkStats$Entry;->txPackets:J,packages/modules/Connectivity/framework-t/src/android/net/NetworkStats.java,300,9,300,92,maxTargetSdk=30&trackingBug=170729553L
Landroid/net/NetworkStats$Entry;->operations:J,packages/modules/Connectivity/framework-t/src/android/net/NetworkStats.java,303,9,303,92,maxTargetSdk=30&trackingBug=170729553L
Landroid/net/NetworkStats$Entry;-><init>()V,packages/modules/Connectivity/framework-t/src/android/net/NetworkStats.java,307,9,307,92,maxTargetSdk=30&trackingBug=170729553L
Landroid/net/NetworkStats;->size:I,packages/modules/Connectivity/framework-t/src/android/net/NetworkStats.java,219,5,219,88,maxTargetSdk=30&trackingBug=170729553L
Landroid/net/NetworkStats;->capacity:I,packages/modules/Connectivity/framework-t/src/android/net/NetworkStats.java,221,5,221,88,maxTargetSdk=30&trackingBug=170729553L
Landroid/net/NetworkStats;->iface:[Ljava/lang/String;,packages/modules/Connectivity/framework-t/src/android/net/NetworkStats.java,223,5,223,88,maxTargetSdk=30&trackingBug=170729553L
Landroid/net/NetworkStats;->uid:[I,packages/modules/Connectivity/framework-t/src/android/net/NetworkStats.java,225,5,225,25,
Landroid/net/NetworkStats;->set:[I,packages/modules/Connectivity/framework-t/src/android/net/NetworkStats.java,227,5,227,25,
Landroid/net/NetworkStats;->tag:[I,packages/modules/Connectivity/framework-t/src/android/net/NetworkStats.java,229,5,229,25,
Landroid/net/NetworkStats;->metered:[I,packages/modules/Connectivity/framework-t/src/android/net/NetworkStats.java,231,5,231,88,maxTargetSdk=30&trackingBug=170729553L
Landroid/net/NetworkStats;->roaming:[I,packages/modules/Connectivity/framework-t/src/android/net/NetworkStats.java,233,5,233,88,maxTargetSdk=30&trackingBug=170729553L
Landroid/net/NetworkStats;->defaultNetwork:[I,packages/modules/Connectivity/framework-t/src/android/net/NetworkStats.java,235,5,235,88,maxTargetSdk=30&trackingBug=170729553L
Landroid/net/NetworkStats;->rxBytes:[J,packages/modules/Connectivity/framework-t/src/android/net/NetworkStats.java,237,5,237,25,
Landroid/net/NetworkStats;->rxPackets:[J,packages/modules/Connectivity/framework-t/src/android/net/NetworkStats.java,239,5,239,88,maxTargetSdk=30&trackingBug=170729553L
Landroid/net/NetworkStats;->txBytes:[J,packages/modules/Connectivity/framework-t/src/android/net/NetworkStats.java,241,5,241,25,
Landroid/net/NetworkStats;->txPackets:[J,packages/modules/Connectivity/framework-t/src/android/net/NetworkStats.java,243,5,243,88,maxTargetSdk=30&trackingBug=170729553L
Landroid/net/NetworkStats;->operations:[J,packages/modules/Connectivity/framework-t/src/android/net/NetworkStats.java,245,5,245,88,maxTargetSdk=30&trackingBug=170729553L
Landroid/net/NetworkStats;-><init>(Landroid/os/Parcel;)V,packages/modules/Connectivity/framework-t/src/android/net/NetworkStats.java,560,5,560,88,maxTargetSdk=30&trackingBug=170729553L
Landroid/net/NetworkStats;->getValues(ILandroid/net/NetworkStats$Entry;)Landroid/net/NetworkStats$Entry;,packages/modules/Connectivity/framework-t/src/android/net/NetworkStats.java,737,5,737,25,
Landroid/net/NetworkStats;->size()I,packages/modules/Connectivity/framework-t/src/android/net/NetworkStats.java,795,5,795,25,
Landroid/net/NetworkStats;->getUniqueUids()[I,packages/modules/Connectivity/framework-t/src/android/net/NetworkStats.java,981,5,981,25,
Landroid/net/NetworkStats;->getTotalBytes()J,packages/modules/Connectivity/framework-t/src/android/net/NetworkStats.java,1001,5,1001,25,
Landroid/net/NetworkStats;->getTotal(Landroid/net/NetworkStats$Entry;)Landroid/net/NetworkStats$Entry;,packages/modules/Connectivity/framework-t/src/android/net/NetworkStats.java,1011,5,1011,25,
Landroid/net/NetworkStats;->getTotal(Landroid/net/NetworkStats$Entry;I)Landroid/net/NetworkStats$Entry;,packages/modules/Connectivity/framework-t/src/android/net/NetworkStats.java,1021,5,1021,25,
Landroid/net/NetworkStats;->getTotalIncludingTags(Landroid/net/NetworkStats$Entry;)Landroid/net/NetworkStats$Entry;,packages/modules/Connectivity/framework-t/src/android/net/NetworkStats.java,1036,5,1036,25,
Landroid/net/NetworkStatsHistory$Entry;->bucketDuration:J,packages/modules/Connectivity/framework-t/src/android/net/NetworkStatsHistory.java,134,9,134,92,maxTargetSdk=30&trackingBug=170729553L
Landroid/net/NetworkStatsHistory$Entry;->bucketStart:J,packages/modules/Connectivity/framework-t/src/android/net/NetworkStatsHistory.java,137,9,137,92,maxTargetSdk=30&trackingBug=170729553L
Landroid/net/NetworkStatsHistory$Entry;->rxBytes:J,packages/modules/Connectivity/framework-t/src/android/net/NetworkStatsHistory.java,142,9,142,29,
Landroid/net/NetworkStatsHistory$Entry;->rxPackets:J,packages/modules/Connectivity/framework-t/src/android/net/NetworkStatsHistory.java,145,9,145,92,maxTargetSdk=30&trackingBug=170729553L
Landroid/net/NetworkStatsHistory$Entry;->txBytes:J,packages/modules/Connectivity/framework-t/src/android/net/NetworkStatsHistory.java,148,9,148,29,
Landroid/net/NetworkStatsHistory$Entry;->txPackets:J,packages/modules/Connectivity/framework-t/src/android/net/NetworkStatsHistory.java,151,9,151,92,maxTargetSdk=30&trackingBug=170729553L
Landroid/net/NetworkStatsHistory;-><init>(J)V,packages/modules/Connectivity/framework-t/src/android/net/NetworkStatsHistory.java,285,5,285,25,
Landroid/net/NetworkStatsHistory;-><init>(Landroid/os/Parcel;)V,packages/modules/Connectivity/framework-t/src/android/net/NetworkStatsHistory.java,316,5,316,88,maxTargetSdk=30&trackingBug=170729553L
Landroid/net/NetworkStatsHistory;->size()I,packages/modules/Connectivity/framework-t/src/android/net/NetworkStatsHistory.java,405,5,405,88,maxTargetSdk=30&trackingBug=170729553L
Landroid/net/NetworkStatsHistory;->getStart()J,packages/modules/Connectivity/framework-t/src/android/net/NetworkStatsHistory.java,416,5,416,25,
Landroid/net/NetworkStatsHistory;->getEnd()J,packages/modules/Connectivity/framework-t/src/android/net/NetworkStatsHistory.java,426,5,426,25,
Landroid/net/NetworkStatsHistory;->getIndexBefore(J)I,packages/modules/Connectivity/framework-t/src/android/net/NetworkStatsHistory.java,448,5,448,88,maxTargetSdk=30&trackingBug=170729553L
Landroid/net/NetworkStatsHistory;->getValues(ILandroid/net/NetworkStatsHistory$Entry;)Landroid/net/NetworkStatsHistory$Entry;,packages/modules/Connectivity/framework-t/src/android/net/NetworkStatsHistory.java,478,5,478,88,maxTargetSdk=30&trackingBug=170729553L
Landroid/net/NetworkStatsHistory;->recordEntireHistory(Landroid/net/NetworkStatsHistory;)V,packages/modules/Connectivity/framework-t/src/android/net/NetworkStatsHistory.java,605,5,605,25,
Landroid/net/NetworkStatsHistory;->getValues(JJLandroid/net/NetworkStatsHistory$Entry;)Landroid/net/NetworkStatsHistory$Entry;,packages/modules/Connectivity/framework-t/src/android/net/NetworkStatsHistory.java,758,5,758,25,
Landroid/net/NetworkStatsHistory;->getValues(JJJLandroid/net/NetworkStatsHistory$Entry;)Landroid/net/NetworkStatsHistory$Entry;,packages/modules/Connectivity/framework-t/src/android/net/NetworkStatsHistory.java,773,5,773,25,
Landroid/net/NetworkStatsHistory;->CREATOR:Landroid/os/Parcelable$Creator;,packages/modules/Connectivity/framework-t/src/android/net/NetworkStatsHistory.java,1001,5,1001,25,
Landroid/net/NetworkTemplate;->buildTemplateMobileAll(Ljava/lang/String;)Landroid/net/NetworkTemplate;,packages/modules/Connectivity/framework-t/src/android/net/NetworkTemplate.java,212,5,213,65,maxTargetSdk=33&publicAlternatives=%22Use+%7B%40code+Builder%7D+instead.%22
Landroid/net/NetworkTemplate;->buildTemplateMobileWildcard()Landroid/net/NetworkTemplate;,packages/modules/Connectivity/framework-t/src/android/net/NetworkTemplate.java,227,5,227,88,maxTargetSdk=30&trackingBug=170729553L
Landroid/net/NetworkTemplate;->buildTemplateWifiWildcard()Landroid/net/NetworkTemplate;,packages/modules/Connectivity/framework-t/src/android/net/NetworkTemplate.java,240,5,241,65,maxTargetSdk=33&publicAlternatives=%22Use+%7B%40code+Builder%7D+instead.%22
Landroid/net/NetworkTemplate;->buildTemplateWifi()Landroid/net/NetworkTemplate;,packages/modules/Connectivity/framework-t/src/android/net/NetworkTemplate.java,251,5,252,65,maxTargetSdk=33&publicAlternatives=%22Use+%7B%40code+Builder%7D+instead.%22
Landroid/net/NetworkTemplate;->buildTemplateEthernet()Landroid/net/NetworkTemplate;,packages/modules/Connectivity/framework-t/src/android/net/NetworkTemplate.java,265,5,266,65,maxTargetSdk=33&publicAlternatives=%22Use+%7B%40code+Builder%7D+instead.%22
Landroid/net/NetworkTemplate;-><init>(ILjava/lang/String;Ljava/lang/String;)V,packages/modules/Connectivity/framework-t/src/android/net/NetworkTemplate.java,446,5,447,65,maxTargetSdk=33&publicAlternatives=%22Use+%7B%40code+Builder%7D+instead.%22
Landroid/net/NetworkTemplate;->getSubscriberId()Ljava/lang/String;,packages/modules/Connectivity/framework-t/src/android/net/NetworkTemplate.java,649,5,650,88,maxTargetSdk=33&publicAlternatives=%22Caller+should+use+%7B%40code+getSubscriberIds%7D+instead.%22
Landroid/net/NetworkTemplate;->normalize(Landroid/net/NetworkTemplate;[Ljava/lang/String;)Landroid/net/NetworkTemplate;,packages/modules/Connectivity/framework-t/src/android/net/NetworkTemplate.java,940,5,943,74,maxTargetSdk=33&publicAlternatives=%22There+is+no+alternative+for+%7B%40code+NetworkTemplate.normalize%7D.Callers+should+have+their+own+logic+to+merge+template+for+different+IMSIs+and+stop+calling+this+function.%22
Landroid/net/NetworkTemplate;->CREATOR:Landroid/os/Parcelable$Creator;,packages/modules/Connectivity/framework-t/src/android/net/NetworkTemplate.java,1012,5,1012,25,
Landroid/net/NetworkUtils;->intToInetAddress(I)Ljava/net/InetAddress;,packages/modules/Connectivity/framework/src/android/net/NetworkUtils.java,183,5,183,25,
Landroid/net/NetworkUtils;->prefixLengthToNetmaskInt(I)I,packages/modules/Connectivity/framework/src/android/net/NetworkUtils.java,205,5,205,25,
Landroid/net/NetworkUtils;->netmaskToPrefixLength(Ljava/net/Inet4Address;)I,packages/modules/Connectivity/framework/src/android/net/NetworkUtils.java,228,5,228,88,maxTargetSdk=30&trackingBug=170729553L
Landroid/net/NetworkUtils;->numericToInetAddress(Ljava/lang/String;)Ljava/net/InetAddress;,packages/modules/Connectivity/framework/src/android/net/NetworkUtils.java,245,5,245,63,maxTargetSdk=28
Landroid/net/NetworkUtils;->getImplicitNetmask(Ljava/net/Inet4Address;)I,packages/modules/Connectivity/framework/src/android/net/NetworkUtils.java,255,5,255,88,maxTargetSdk=30&trackingBug=170729553L
Landroid/net/NetworkUtils;->trimV4AddrZeros(Ljava/lang/String;)Ljava/lang/String;,packages/modules/Connectivity/framework/src/android/net/NetworkUtils.java,356,5,356,25,
Landroid/net/ProxyInfo;-><init>(Ljava/lang/String;ILjava/lang/String;)V,packages/modules/Connectivity/framework/src/android/net/ProxyInfo.java,110,5,110,25,
Landroid/net/RouteInfo;->mGateway:Ljava/net/InetAddress;,packages/modules/Connectivity/framework/src/android/net/RouteInfo.java,78,5,78,25,
Landroid/net/RouteInfo;->mIsHost:Z,packages/modules/Connectivity/framework/src/android/net/RouteInfo.java,123,5,123,88,maxTargetSdk=28&trackingBug=115609023L
Landroid/net/RouteInfo;-><init>(Landroid/net/IpPrefix;Ljava/net/InetAddress;Ljava/lang/String;)V,packages/modules/Connectivity/framework/src/android/net/RouteInfo.java,247,5,247,88,maxTargetSdk=30&trackingBug=170729553L
Landroid/net/RouteInfo;-><init>(Landroid/net/LinkAddress;Ljava/net/InetAddress;Ljava/lang/String;)V,packages/modules/Connectivity/framework/src/android/net/RouteInfo.java,256,5,256,25,
Landroid/net/RouteInfo;-><init>(Landroid/net/LinkAddress;Ljava/net/InetAddress;)V,packages/modules/Connectivity/framework/src/android/net/RouteInfo.java,288,5,288,25,
Landroid/net/RouteInfo;-><init>(Ljava/net/InetAddress;)V,packages/modules/Connectivity/framework/src/android/net/RouteInfo.java,300,5,300,25,
Landroid/net/RouteInfo;->isHost()Z,packages/modules/Connectivity/framework/src/android/net/RouteInfo.java,352,5,352,88,maxTargetSdk=28&trackingBug=115609023L
Landroid/net/RouteInfo;->selectBestRoute(Ljava/util/Collection;Ljava/net/InetAddress;)Landroid/net/RouteInfo;,packages/modules/Connectivity/framework/src/android/net/RouteInfo.java,513,5,513,88,maxTargetSdk=30&trackingBug=170729553L
Landroid/net/StaticIpConfiguration;->ipAddress:Landroid/net/LinkAddress;,packages/modules/Connectivity/framework/src/android/net/StaticIpConfiguration.java,40,5,40,88,maxTargetSdk=30&trackingBug=170729553L
Landroid/net/StaticIpConfiguration;->gateway:Ljava/net/InetAddress;,packages/modules/Connectivity/framework/src/android/net/StaticIpConfiguration.java,44,5,44,88,maxTargetSdk=30&trackingBug=170729553L
Landroid/net/StaticIpConfiguration;->dnsServers:Ljava/util/ArrayList;,packages/modules/Connectivity/framework/src/android/net/StaticIpConfiguration.java,48,5,48,88,maxTargetSdk=30&trackingBug=170729553L
Landroid/net/StaticIpConfiguration;->domains:Ljava/lang/String;,packages/modules/Connectivity/framework/src/android/net/StaticIpConfiguration.java,52,5,52,88,maxTargetSdk=30&trackingBug=170729553L
Landroid/net/TrafficStats;->getStatsService()Landroid/net/INetworkStatsService;,packages/modules/Connectivity/framework-t/src/android/net/TrafficStats.java,232,5,232,88,maxTargetSdk=28&trackingBug=130143562L
Landroid/net/TrafficStats;->getMobileTcpRxPackets()J,packages/modules/Connectivity/framework-t/src/android/net/TrafficStats.java,862,5,862,88,maxTargetSdk=30&trackingBug=170729553L
Landroid/net/TrafficStats;->getMobileTcpTxPackets()J,packages/modules/Connectivity/framework-t/src/android/net/TrafficStats.java,868,5,868,88,maxTargetSdk=30&trackingBug=170729553L
Landroid/net/TrafficStats;->getMobileIfaces()[Ljava/lang/String;,packages/modules/Connectivity/framework-t/src/android/net/TrafficStats.java,1323,5,1323,88,maxTargetSdk=28&trackingBug=130143562L
Landroid/net/http/CustomFeatureFlags;->preloadHttpengineInZygote()Z,out/soong/.intermediates/external/cronet/android/flags/com.android.net.http.flags-aconfig-java/android_common_apex30/javac/srcjars/android/net/http/CustomFeatureFlags.java,20,5,20,25,
Landroid/net/http/CustomFeatureFlags;->preloadHttpengineJavaImplClasses()Z,out/soong/.intermediates/external/cronet/android/flags/com.android.net.http.flags-aconfig-java/android_common_apex30/javac/srcjars/android/net/http/CustomFeatureFlags.java,27,5,27,25,
Landroid/net/http/CustomFeatureFlags;->preloadHttpengineSharedLibrary()Z,out/soong/.intermediates/external/cronet/android/flags/com.android.net.http.flags-aconfig-java/android_common_apex30/javac/srcjars/android/net/http/CustomFeatureFlags.java,34,5,34,25,
Landroid/net/http/FeatureFlags;->preloadHttpengineInZygote()Z,out/soong/.intermediates/external/cronet/android/flags/com.android.net.http.flags-aconfig-java/android_common_apex30/javac/srcjars/android/net/http/FeatureFlags.java,9,5,9,25,
Landroid/net/http/FeatureFlags;->preloadHttpengineJavaImplClasses()Z,out/soong/.intermediates/external/cronet/android/flags/com.android.net.http.flags-aconfig-java/android_common_apex30/javac/srcjars/android/net/http/FeatureFlags.java,13,5,13,25,
Landroid/net/http/FeatureFlags;->preloadHttpengineSharedLibrary()Z,out/soong/.intermediates/external/cronet/android/flags/com.android.net.http.flags-aconfig-java/android_common_apex30/javac/srcjars/android/net/http/FeatureFlags.java,17,5,17,25,
Landroid/net/http/FeatureFlagsImpl;->preloadHttpengineInZygote()Z,out/soong/.intermediates/external/cronet/android/flags/com.android.net.http.flags-aconfig-java/android_common_apex30/javac/srcjars/android/net/http/FeatureFlagsImpl.java,8,5,8,25,
Landroid/net/http/FeatureFlagsImpl;->preloadHttpengineJavaImplClasses()Z,out/soong/.intermediates/external/cronet/android/flags/com.android.net.http.flags-aconfig-java/android_common_apex30/javac/srcjars/android/net/http/FeatureFlagsImpl.java,15,5,15,25,
Landroid/net/http/FeatureFlagsImpl;->preloadHttpengineSharedLibrary()Z,out/soong/.intermediates/external/cronet/android/flags/com.android.net.http.flags-aconfig-java/android_common_apex30/javac/srcjars/android/net/http/FeatureFlagsImpl.java,22,5,22,25,
Landroid/net/http/Flags;->preloadHttpengineInZygote()Z,out/soong/.intermediates/external/cronet/android/flags/com.android.net.http.flags-aconfig-java/android_common_apex30/javac/srcjars/android/net/http/Flags.java,15,5,15,25,
Landroid/net/http/Flags;->preloadHttpengineJavaImplClasses()Z,out/soong/.intermediates/external/cronet/android/flags/com.android.net.http.flags-aconfig-java/android_common_apex30/javac/srcjars/android/net/http/Flags.java,22,5,22,25,
Landroid/net/http/Flags;->preloadHttpengineSharedLibrary()Z,out/soong/.intermediates/external/cronet/android/flags/com.android.net.http.flags-aconfig-java/android_common_apex30/javac/srcjars/android/net/http/Flags.java,29,5,29,25,
Landroid/net/nsd/NsdServiceInfo;->setAttribute(Ljava/lang/String;[B)V,packages/modules/Connectivity/framework-t/src/android/net/nsd/NsdServiceInfo.java,357,5,357,25,
Landroid/net/vcn/CustomFeatureFlags;->mainlineVcnModuleApi()Z,out/soong/.intermediates/frameworks/base/packages/Vcn/flags/android.net.vcn.flags-aconfig-java/android_common_apex30/javac/srcjars/android/net/vcn/CustomFeatureFlags.java,20,5,20,25,
Landroid/net/vcn/CustomFeatureFlags;->safeModeConfig()Z,out/soong/.intermediates/frameworks/base/packages/Vcn/flags/android.net.vcn.flags-aconfig-java/android_common_apex30/javac/srcjars/android/net/vcn/CustomFeatureFlags.java,27,5,27,25,
Landroid/net/vcn/FeatureFlags;->mainlineVcnModuleApi()Z,out/soong/.intermediates/frameworks/base/packages/Vcn/flags/android.net.vcn.flags-aconfig-java/android_common_apex30/javac/srcjars/android/net/vcn/FeatureFlags.java,9,5,9,25,
Landroid/net/vcn/FeatureFlags;->safeModeConfig()Z,out/soong/.intermediates/frameworks/base/packages/Vcn/flags/android.net.vcn.flags-aconfig-java/android_common_apex30/javac/srcjars/android/net/vcn/FeatureFlags.java,13,5,13,25,
Landroid/net/vcn/FeatureFlagsImpl;->mainlineVcnModuleApi()Z,out/soong/.intermediates/frameworks/base/packages/Vcn/flags/android.net.vcn.flags-aconfig-java/android_common_apex30/javac/srcjars/android/net/vcn/FeatureFlagsImpl.java,8,5,8,25,
Landroid/net/vcn/FeatureFlagsImpl;->safeModeConfig()Z,out/soong/.intermediates/frameworks/base/packages/Vcn/flags/android.net.vcn.flags-aconfig-java/android_common_apex30/javac/srcjars/android/net/vcn/FeatureFlagsImpl.java,15,5,15,25,
Landroid/net/vcn/Flags;->mainlineVcnModuleApi()Z,out/soong/.intermediates/frameworks/base/packages/Vcn/flags/android.net.vcn.flags-aconfig-java/android_common_apex30/javac/srcjars/android/net/vcn/Flags.java,13,5,13,25,
Landroid/net/vcn/Flags;->safeModeConfig()Z,out/soong/.intermediates/frameworks/base/packages/Vcn/flags/android.net.vcn.flags-aconfig-java/android_common_apex30/javac/srcjars/android/net/vcn/Flags.java,20,5,20,25,
Lcom/android/internal/util/Preconditions;->checkArgument(Z)V,frameworks/libs/modules-utils/java/com/android/internal/util/Preconditions.java,44,5,44,25,
Lcom/android/internal/util/Preconditions;->checkArgument(ZLjava/lang/Object;)V,frameworks/libs/modules-utils/java/com/android/internal/util/Preconditions.java,59,5,59,88,maxTargetSdk=30&trackingBug=170729553L
Lcom/android/internal/util/Preconditions;->checkNotNull(Ljava/lang/Object;)Ljava/lang/Object;,frameworks/libs/modules-utils/java/com/android/internal/util/Preconditions.java,149,5,149,25,
Lcom/android/internal/util/Preconditions;->checkNotNull(Ljava/lang/Object;Ljava/lang/Object;)Ljava/lang/Object;,frameworks/libs/modules-utils/java/com/android/internal/util/Preconditions.java,169,5,169,25,
Lcom/android/internal/util/Preconditions;->checkState(Z)V,frameworks/libs/modules-utils/java/com/android/internal/util/Preconditions.java,205,5,205,25,
Lcom/android/internal/util/Preconditions;->checkState(ZLjava/lang/String;)V,frameworks/libs/modules-utils/java/com/android/internal/util/Preconditions.java,219,5,219,88,maxTargetSdk=30&trackingBug=170729553L
Lcom/android/internal/util/Preconditions;->checkArgumentInRange(IIILjava/lang/String;)I,frameworks/libs/modules-utils/java/com/android/internal/util/Preconditions.java,529,5,529,88,maxTargetSdk=30&trackingBug=170729553L
Lcom/android/nearby/flags/CustomFeatureFlags;->poweredOffFinding()Z,out/soong/.intermediates/packages/modules/Connectivity/common/com.android.nearby.flags-aconfig-java/android_common_apex30/javac/srcjars/com/android/nearby/flags/CustomFeatureFlags.java,20,5,20,25,
Lcom/android/nearby/flags/FeatureFlags;->poweredOffFinding()Z,out/soong/.intermediates/packages/modules/Connectivity/common/com.android.nearby.flags-aconfig-java/android_common_apex30/javac/srcjars/com/android/nearby/flags/FeatureFlags.java,9,5,9,25,
Lcom/android/nearby/flags/FeatureFlagsImpl;->poweredOffFinding()Z,out/soong/.intermediates/packages/modules/Connectivity/common/com.android.nearby.flags-aconfig-java/android_common_apex30/javac/srcjars/com/android/nearby/flags/FeatureFlagsImpl.java,8,5,8,25,
Lcom/android/nearby/flags/Flags;->poweredOffFinding()Z,out/soong/.intermediates/packages/modules/Connectivity/common/com.android.nearby.flags-aconfig-java/android_common_apex30/javac/srcjars/com/android/nearby/flags/Flags.java,11,5,11,25,
Lcom/android/net/ct/flags/CustomFeatureFlags;->certificateTransparencyJob()Z,out/soong/.intermediates/packages/modules/Connectivity/common/networksecurity_flags_java_lib/android_common_apex30/javac/srcjars/com/android/net/ct/flags/CustomFeatureFlags.java,20,5,20,25,
Lcom/android/net/ct/flags/CustomFeatureFlags;->certificateTransparencyService()Z,out/soong/.intermediates/packages/modules/Connectivity/common/networksecurity_flags_java_lib/android_common_apex30/javac/srcjars/com/android/net/ct/flags/CustomFeatureFlags.java,27,5,27,25,
Lcom/android/net/ct/flags/FeatureFlags;->certificateTransparencyJob()Z,out/soong/.intermediates/packages/modules/Connectivity/common/networksecurity_flags_java_lib/android_common_apex30/javac/srcjars/com/android/net/ct/flags/FeatureFlags.java,9,5,9,25,
Lcom/android/net/ct/flags/FeatureFlags;->certificateTransparencyService()Z,out/soong/.intermediates/packages/modules/Connectivity/common/networksecurity_flags_java_lib/android_common_apex30/javac/srcjars/com/android/net/ct/flags/FeatureFlags.java,13,5,13,25,
Lcom/android/net/ct/flags/FeatureFlagsImpl;->certificateTransparencyJob()Z,out/soong/.intermediates/packages/modules/Connectivity/common/networksecurity_flags_java_lib/android_common_apex30/javac/srcjars/com/android/net/ct/flags/FeatureFlagsImpl.java,8,5,8,25,
Lcom/android/net/ct/flags/FeatureFlagsImpl;->certificateTransparencyService()Z,out/soong/.intermediates/packages/modules/Connectivity/common/networksecurity_flags_java_lib/android_common_apex30/javac/srcjars/com/android/net/ct/flags/FeatureFlagsImpl.java,15,5,15,25,
Lcom/android/net/ct/flags/Flags;->certificateTransparencyJob()Z,out/soong/.intermediates/packages/modules/Connectivity/common/networksecurity_flags_java_lib/android_common_apex30/javac/srcjars/com/android/net/ct/flags/Flags.java,13,5,13,25,
Lcom/android/net/ct/flags/Flags;->certificateTransparencyService()Z,out/soong/.intermediates/packages/modules/Connectivity/common/networksecurity_flags_java_lib/android_common_apex30/javac/srcjars/com/android/net/ct/flags/Flags.java,20,5,20,25,
Lcom/android/net/flags/CustomFeatureFlags;->basicBackgroundRestrictionsEnabled()Z,out/soong/.intermediates/packages/modules/Connectivity/common/com.android.net.flags-aconfig-java/android_common_apex30/javac/srcjars/com/android/net/flags/CustomFeatureFlags.java,20,5,20,25,
Lcom/android/net/flags/CustomFeatureFlags;->basicBackgroundRestrictionsEnabled()Z,out/soong/.intermediates/packages/modules/Connectivity/common/com.android.net.flags-aconfig-java/android_common_apex30/javac/srcjars/com/android/net/flags/CustomFeatureFlags.java,20,5,20,25,
Lcom/android/net/flags/CustomFeatureFlags;->blockedReasonNetworkRestricted()Z,out/soong/.intermediates/packages/modules/Connectivity/common/com.android.net.flags-aconfig-java/android_common_apex30/javac/srcjars/com/android/net/flags/CustomFeatureFlags.java,27,5,27,25,
Lcom/android/net/flags/CustomFeatureFlags;->blockedReasonNetworkRestricted()Z,out/soong/.intermediates/packages/modules/Connectivity/common/com.android.net.flags-aconfig-java/android_common_apex30/javac/srcjars/com/android/net/flags/CustomFeatureFlags.java,27,5,27,25,
Lcom/android/net/flags/CustomFeatureFlags;->blockedReasonOemDenyChains()Z,out/soong/.intermediates/packages/modules/Connectivity/common/com.android.net.flags-aconfig-java/android_common_apex30/javac/srcjars/com/android/net/flags/CustomFeatureFlags.java,34,5,34,25,
Lcom/android/net/flags/CustomFeatureFlags;->blockedReasonOemDenyChains()Z,out/soong/.intermediates/packages/modules/Connectivity/common/com.android.net.flags-aconfig-java/android_common_apex30/javac/srcjars/com/android/net/flags/CustomFeatureFlags.java,34,5,34,25,
Lcom/android/net/flags/CustomFeatureFlags;->ipsecTransformState()Z,out/soong/.intermediates/packages/modules/Connectivity/common/com.android.net.flags-aconfig-java/android_common_apex30/javac/srcjars/com/android/net/flags/CustomFeatureFlags.java,41,5,41,25,
Lcom/android/net/flags/CustomFeatureFlags;->ipsecTransformState()Z,out/soong/.intermediates/packages/modules/Connectivity/common/com.android.net.flags-aconfig-java/android_common_apex30/javac/srcjars/com/android/net/flags/CustomFeatureFlags.java,41,5,41,25,
Lcom/android/net/flags/CustomFeatureFlags;->ipv6OverBle()Z,out/soong/.intermediates/packages/modules/Connectivity/common/com.android.net.flags-aconfig-java/android_common_apex30/javac/srcjars/com/android/net/flags/CustomFeatureFlags.java,48,5,48,25,
Lcom/android/net/flags/CustomFeatureFlags;->ipv6OverBle()Z,out/soong/.intermediates/packages/modules/Connectivity/common/com.android.net.flags-aconfig-java/android_common_apex30/javac/srcjars/com/android/net/flags/CustomFeatureFlags.java,48,5,48,25,
Lcom/android/net/flags/CustomFeatureFlags;->meteredNetworkFirewallChains()Z,out/soong/.intermediates/packages/modules/Connectivity/common/com.android.net.flags-aconfig-java/android_common_apex30/javac/srcjars/com/android/net/flags/CustomFeatureFlags.java,55,5,55,25,
Lcom/android/net/flags/CustomFeatureFlags;->meteredNetworkFirewallChains()Z,out/soong/.intermediates/packages/modules/Connectivity/common/com.android.net.flags-aconfig-java/android_common_apex30/javac/srcjars/com/android/net/flags/CustomFeatureFlags.java,55,5,55,25,
Lcom/android/net/flags/CustomFeatureFlags;->netCapabilityLocalNetwork()Z,out/soong/.intermediates/packages/modules/Connectivity/common/com.android.net.flags-aconfig-java/android_common_apex30/javac/srcjars/com/android/net/flags/CustomFeatureFlags.java,62,5,62,25,
Lcom/android/net/flags/CustomFeatureFlags;->netCapabilityLocalNetwork()Z,out/soong/.intermediates/packages/modules/Connectivity/common/com.android.net.flags-aconfig-java/android_common_apex30/javac/srcjars/com/android/net/flags/CustomFeatureFlags.java,62,5,62,25,
Lcom/android/net/flags/CustomFeatureFlags;->netCapabilityNotBandwidthConstrained()Z,out/soong/.intermediates/packages/modules/Connectivity/common/com.android.net.flags-aconfig-java/android_common_apex30/javac/srcjars/com/android/net/flags/CustomFeatureFlags.java,69,5,69,25,
Lcom/android/net/flags/CustomFeatureFlags;->netCapabilityNotBandwidthConstrained()Z,out/soong/.intermediates/packages/modules/Connectivity/common/com.android.net.flags-aconfig-java/android_common_apex30/javac/srcjars/com/android/net/flags/CustomFeatureFlags.java,69,5,69,25,
Lcom/android/net/flags/CustomFeatureFlags;->netstatsAddEntries()Z,out/soong/.intermediates/packages/modules/Connectivity/common/com.android.net.flags-aconfig-java/android_common_apex30/javac/srcjars/com/android/net/flags/CustomFeatureFlags.java,76,5,76,25,
Lcom/android/net/flags/CustomFeatureFlags;->netstatsAddEntries()Z,out/soong/.intermediates/packages/modules/Connectivity/common/com.android.net.flags-aconfig-java/android_common_apex30/javac/srcjars/com/android/net/flags/CustomFeatureFlags.java,76,5,76,25,
Lcom/android/net/flags/CustomFeatureFlags;->nsdSubtypesSupportEnabled()Z,out/soong/.intermediates/packages/modules/Connectivity/common/com.android.net.flags-aconfig-java/android_common_apex30/javac/srcjars/com/android/net/flags/CustomFeatureFlags.java,83,5,83,25,
Lcom/android/net/flags/CustomFeatureFlags;->nsdSubtypesSupportEnabled()Z,out/soong/.intermediates/packages/modules/Connectivity/common/com.android.net.flags-aconfig-java/android_common_apex30/javac/srcjars/com/android/net/flags/CustomFeatureFlags.java,83,5,83,25,
Lcom/android/net/flags/CustomFeatureFlags;->registerNsdOffloadEngineApi()Z,out/soong/.intermediates/packages/modules/Connectivity/common/com.android.net.flags-aconfig-java/android_common_apex30/javac/srcjars/com/android/net/flags/CustomFeatureFlags.java,90,5,90,25,
Lcom/android/net/flags/CustomFeatureFlags;->registerNsdOffloadEngineApi()Z,out/soong/.intermediates/packages/modules/Connectivity/common/com.android.net.flags-aconfig-java/android_common_apex30/javac/srcjars/com/android/net/flags/CustomFeatureFlags.java,90,5,90,25,
Lcom/android/net/flags/CustomFeatureFlags;->requestRestrictedWifi()Z,out/soong/.intermediates/packages/modules/Connectivity/common/com.android.net.flags-aconfig-java/android_common_apex30/javac/srcjars/com/android/net/flags/CustomFeatureFlags.java,97,5,97,25,
Lcom/android/net/flags/CustomFeatureFlags;->requestRestrictedWifi()Z,out/soong/.intermediates/packages/modules/Connectivity/common/com.android.net.flags-aconfig-java/android_common_apex30/javac/srcjars/com/android/net/flags/CustomFeatureFlags.java,97,5,97,25,
Lcom/android/net/flags/CustomFeatureFlags;->restrictLocalNetwork()Z,out/soong/.intermediates/packages/modules/Connectivity/common/com.android.net.flags-aconfig-java/android_common_apex30/javac/srcjars/com/android/net/flags/CustomFeatureFlags.java,104,5,104,25,
Lcom/android/net/flags/CustomFeatureFlags;->restrictLocalNetwork()Z,out/soong/.intermediates/packages/modules/Connectivity/common/com.android.net.flags-aconfig-java/android_common_apex30/javac/srcjars/com/android/net/flags/CustomFeatureFlags.java,104,5,104,25,
Lcom/android/net/flags/CustomFeatureFlags;->setDataSaverViaCm()Z,out/soong/.intermediates/packages/modules/Connectivity/common/com.android.net.flags-aconfig-java/android_common_apex30/javac/srcjars/com/android/net/flags/CustomFeatureFlags.java,111,5,111,25,
Lcom/android/net/flags/CustomFeatureFlags;->setDataSaverViaCm()Z,out/soong/.intermediates/packages/modules/Connectivity/common/com.android.net.flags-aconfig-java/android_common_apex30/javac/srcjars/com/android/net/flags/CustomFeatureFlags.java,111,5,111,25,
Lcom/android/net/flags/CustomFeatureFlags;->supportIsUidNetworkingBlocked()Z,out/soong/.intermediates/packages/modules/Connectivity/common/com.android.net.flags-aconfig-java/android_common_apex30/javac/srcjars/com/android/net/flags/CustomFeatureFlags.java,118,5,118,25,
Lcom/android/net/flags/CustomFeatureFlags;->supportIsUidNetworkingBlocked()Z,out/soong/.intermediates/packages/modules/Connectivity/common/com.android.net.flags-aconfig-java/android_common_apex30/javac/srcjars/com/android/net/flags/CustomFeatureFlags.java,118,5,118,25,
Lcom/android/net/flags/CustomFeatureFlags;->supportTransportSatellite()Z,out/soong/.intermediates/packages/modules/Connectivity/common/com.android.net.flags-aconfig-java/android_common_apex30/javac/srcjars/com/android/net/flags/CustomFeatureFlags.java,125,5,125,25,
Lcom/android/net/flags/CustomFeatureFlags;->supportTransportSatellite()Z,out/soong/.intermediates/packages/modules/Connectivity/common/com.android.net.flags-aconfig-java/android_common_apex30/javac/srcjars/com/android/net/flags/CustomFeatureFlags.java,125,5,125,25,
Lcom/android/net/flags/CustomFeatureFlags;->tetheringActiveSessionsMetrics()Z,out/soong/.intermediates/packages/modules/Connectivity/common/com.android.net.flags-aconfig-java/android_common_apex30/javac/srcjars/com/android/net/flags/CustomFeatureFlags.java,132,5,132,25,
Lcom/android/net/flags/CustomFeatureFlags;->tetheringActiveSessionsMetrics()Z,out/soong/.intermediates/packages/modules/Connectivity/common/com.android.net.flags-aconfig-java/android_common_apex30/javac/srcjars/com/android/net/flags/CustomFeatureFlags.java,132,5,132,25,
Lcom/android/net/flags/CustomFeatureFlags;->tetheringRequestVirtual()Z,out/soong/.intermediates/packages/modules/Connectivity/common/com.android.net.flags-aconfig-java/android_common_apex30/javac/srcjars/com/android/net/flags/CustomFeatureFlags.java,139,5,139,25,
Lcom/android/net/flags/CustomFeatureFlags;->tetheringRequestVirtual()Z,out/soong/.intermediates/packages/modules/Connectivity/common/com.android.net.flags-aconfig-java/android_common_apex30/javac/srcjars/com/android/net/flags/CustomFeatureFlags.java,139,5,139,25,
Lcom/android/net/flags/CustomFeatureFlags;->tetheringWithSoftApConfig()Z,out/soong/.intermediates/packages/modules/Connectivity/common/com.android.net.flags-aconfig-java/android_common_apex30/javac/srcjars/com/android/net/flags/CustomFeatureFlags.java,146,5,146,25,
Lcom/android/net/flags/CustomFeatureFlags;->tetheringWithSoftApConfig()Z,out/soong/.intermediates/packages/modules/Connectivity/common/com.android.net.flags-aconfig-java/android_common_apex30/javac/srcjars/com/android/net/flags/CustomFeatureFlags.java,146,5,146,25,
Lcom/android/net/flags/FeatureFlags;->basicBackgroundRestrictionsEnabled()Z,out/soong/.intermediates/packages/modules/Connectivity/common/com.android.net.flags-aconfig-java/android_common_apex30/javac/srcjars/com/android/net/flags/FeatureFlags.java,9,5,9,25,
Lcom/android/net/flags/FeatureFlags;->basicBackgroundRestrictionsEnabled()Z,out/soong/.intermediates/packages/modules/Connectivity/common/com.android.net.flags-aconfig-java/android_common_apex30/javac/srcjars/com/android/net/flags/FeatureFlags.java,9,5,9,25,
Lcom/android/net/flags/FeatureFlags;->blockedReasonNetworkRestricted()Z,out/soong/.intermediates/packages/modules/Connectivity/common/com.android.net.flags-aconfig-java/android_common_apex30/javac/srcjars/com/android/net/flags/FeatureFlags.java,13,5,13,25,
Lcom/android/net/flags/FeatureFlags;->blockedReasonNetworkRestricted()Z,out/soong/.intermediates/packages/modules/Connectivity/common/com.android.net.flags-aconfig-java/android_common_apex30/javac/srcjars/com/android/net/flags/FeatureFlags.java,13,5,13,25,
Lcom/android/net/flags/FeatureFlags;->blockedReasonOemDenyChains()Z,out/soong/.intermediates/packages/modules/Connectivity/common/com.android.net.flags-aconfig-java/android_common_apex30/javac/srcjars/com/android/net/flags/FeatureFlags.java,17,5,17,25,
Lcom/android/net/flags/FeatureFlags;->blockedReasonOemDenyChains()Z,out/soong/.intermediates/packages/modules/Connectivity/common/com.android.net.flags-aconfig-java/android_common_apex30/javac/srcjars/com/android/net/flags/FeatureFlags.java,17,5,17,25,
Lcom/android/net/flags/FeatureFlags;->ipsecTransformState()Z,out/soong/.intermediates/packages/modules/Connectivity/common/com.android.net.flags-aconfig-java/android_common_apex30/javac/srcjars/com/android/net/flags/FeatureFlags.java,21,5,21,25,
Lcom/android/net/flags/FeatureFlags;->ipsecTransformState()Z,out/soong/.intermediates/packages/modules/Connectivity/common/com.android.net.flags-aconfig-java/android_common_apex30/javac/srcjars/com/android/net/flags/FeatureFlags.java,21,5,21,25,
Lcom/android/net/flags/FeatureFlags;->ipv6OverBle()Z,out/soong/.intermediates/packages/modules/Connectivity/common/com.android.net.flags-aconfig-java/android_common_apex30/javac/srcjars/com/android/net/flags/FeatureFlags.java,25,5,25,25,
Lcom/android/net/flags/FeatureFlags;->ipv6OverBle()Z,out/soong/.intermediates/packages/modules/Connectivity/common/com.android.net.flags-aconfig-java/android_common_apex30/javac/srcjars/com/android/net/flags/FeatureFlags.java,25,5,25,25,
Lcom/android/net/flags/FeatureFlags;->meteredNetworkFirewallChains()Z,out/soong/.intermediates/packages/modules/Connectivity/common/com.android.net.flags-aconfig-java/android_common_apex30/javac/srcjars/com/android/net/flags/FeatureFlags.java,29,5,29,25,
Lcom/android/net/flags/FeatureFlags;->meteredNetworkFirewallChains()Z,out/soong/.intermediates/packages/modules/Connectivity/common/com.android.net.flags-aconfig-java/android_common_apex30/javac/srcjars/com/android/net/flags/FeatureFlags.java,29,5,29,25,
Lcom/android/net/flags/FeatureFlags;->netCapabilityLocalNetwork()Z,out/soong/.intermediates/packages/modules/Connectivity/common/com.android.net.flags-aconfig-java/android_common_apex30/javac/srcjars/com/android/net/flags/FeatureFlags.java,33,5,33,25,
Lcom/android/net/flags/FeatureFlags;->netCapabilityLocalNetwork()Z,out/soong/.intermediates/packages/modules/Connectivity/common/com.android.net.flags-aconfig-java/android_common_apex30/javac/srcjars/com/android/net/flags/FeatureFlags.java,33,5,33,25,
Lcom/android/net/flags/FeatureFlags;->netCapabilityNotBandwidthConstrained()Z,out/soong/.intermediates/packages/modules/Connectivity/common/com.android.net.flags-aconfig-java/android_common_apex30/javac/srcjars/com/android/net/flags/FeatureFlags.java,37,5,37,25,
Lcom/android/net/flags/FeatureFlags;->netCapabilityNotBandwidthConstrained()Z,out/soong/.intermediates/packages/modules/Connectivity/common/com.android.net.flags-aconfig-java/android_common_apex30/javac/srcjars/com/android/net/flags/FeatureFlags.java,37,5,37,25,
Lcom/android/net/flags/FeatureFlags;->netstatsAddEntries()Z,out/soong/.intermediates/packages/modules/Connectivity/common/com.android.net.flags-aconfig-java/android_common_apex30/javac/srcjars/com/android/net/flags/FeatureFlags.java,41,5,41,25,
Lcom/android/net/flags/FeatureFlags;->netstatsAddEntries()Z,out/soong/.intermediates/packages/modules/Connectivity/common/com.android.net.flags-aconfig-java/android_common_apex30/javac/srcjars/com/android/net/flags/FeatureFlags.java,41,5,41,25,
Lcom/android/net/flags/FeatureFlags;->nsdSubtypesSupportEnabled()Z,out/soong/.intermediates/packages/modules/Connectivity/common/com.android.net.flags-aconfig-java/android_common_apex30/javac/srcjars/com/android/net/flags/FeatureFlags.java,45,5,45,25,
Lcom/android/net/flags/FeatureFlags;->nsdSubtypesSupportEnabled()Z,out/soong/.intermediates/packages/modules/Connectivity/common/com.android.net.flags-aconfig-java/android_common_apex30/javac/srcjars/com/android/net/flags/FeatureFlags.java,45,5,45,25,
Lcom/android/net/flags/FeatureFlags;->registerNsdOffloadEngineApi()Z,out/soong/.intermediates/packages/modules/Connectivity/common/com.android.net.flags-aconfig-java/android_common_apex30/javac/srcjars/com/android/net/flags/FeatureFlags.java,49,5,49,25,
Lcom/android/net/flags/FeatureFlags;->registerNsdOffloadEngineApi()Z,out/soong/.intermediates/packages/modules/Connectivity/common/com.android.net.flags-aconfig-java/android_common_apex30/javac/srcjars/com/android/net/flags/FeatureFlags.java,49,5,49,25,
Lcom/android/net/flags/FeatureFlags;->requestRestrictedWifi()Z,out/soong/.intermediates/packages/modules/Connectivity/common/com.android.net.flags-aconfig-java/android_common_apex30/javac/srcjars/com/android/net/flags/FeatureFlags.java,53,5,53,25,
Lcom/android/net/flags/FeatureFlags;->requestRestrictedWifi()Z,out/soong/.intermediates/packages/modules/Connectivity/common/com.android.net.flags-aconfig-java/android_common_apex30/javac/srcjars/com/android/net/flags/FeatureFlags.java,53,5,53,25,
Lcom/android/net/flags/FeatureFlags;->restrictLocalNetwork()Z,out/soong/.intermediates/packages/modules/Connectivity/common/com.android.net.flags-aconfig-java/android_common_apex30/javac/srcjars/com/android/net/flags/FeatureFlags.java,57,5,57,25,
Lcom/android/net/flags/FeatureFlags;->restrictLocalNetwork()Z,out/soong/.intermediates/packages/modules/Connectivity/common/com.android.net.flags-aconfig-java/android_common_apex30/javac/srcjars/com/android/net/flags/FeatureFlags.java,57,5,57,25,
Lcom/android/net/flags/FeatureFlags;->setDataSaverViaCm()Z,out/soong/.intermediates/packages/modules/Connectivity/common/com.android.net.flags-aconfig-java/android_common_apex30/javac/srcjars/com/android/net/flags/FeatureFlags.java,61,5,61,25,
Lcom/android/net/flags/FeatureFlags;->setDataSaverViaCm()Z,out/soong/.intermediates/packages/modules/Connectivity/common/com.android.net.flags-aconfig-java/android_common_apex30/javac/srcjars/com/android/net/flags/FeatureFlags.java,61,5,61,25,
Lcom/android/net/flags/FeatureFlags;->supportIsUidNetworkingBlocked()Z,out/soong/.intermediates/packages/modules/Connectivity/common/com.android.net.flags-aconfig-java/android_common_apex30/javac/srcjars/com/android/net/flags/FeatureFlags.java,65,5,65,25,
Lcom/android/net/flags/FeatureFlags;->supportIsUidNetworkingBlocked()Z,out/soong/.intermediates/packages/modules/Connectivity/common/com.android.net.flags-aconfig-java/android_common_apex30/javac/srcjars/com/android/net/flags/FeatureFlags.java,65,5,65,25,
Lcom/android/net/flags/FeatureFlags;->supportTransportSatellite()Z,out/soong/.intermediates/packages/modules/Connectivity/common/com.android.net.flags-aconfig-java/android_common_apex30/javac/srcjars/com/android/net/flags/FeatureFlags.java,69,5,69,25,
Lcom/android/net/flags/FeatureFlags;->supportTransportSatellite()Z,out/soong/.intermediates/packages/modules/Connectivity/common/com.android.net.flags-aconfig-java/android_common_apex30/javac/srcjars/com/android/net/flags/FeatureFlags.java,69,5,69,25,
Lcom/android/net/flags/FeatureFlags;->tetheringActiveSessionsMetrics()Z,out/soong/.intermediates/packages/modules/Connectivity/common/com.android.net.flags-aconfig-java/android_common_apex30/javac/srcjars/com/android/net/flags/FeatureFlags.java,73,5,73,25,
Lcom/android/net/flags/FeatureFlags;->tetheringActiveSessionsMetrics()Z,out/soong/.intermediates/packages/modules/Connectivity/common/com.android.net.flags-aconfig-java/android_common_apex30/javac/srcjars/com/android/net/flags/FeatureFlags.java,73,5,73,25,
Lcom/android/net/flags/FeatureFlags;->tetheringRequestVirtual()Z,out/soong/.intermediates/packages/modules/Connectivity/common/com.android.net.flags-aconfig-java/android_common_apex30/javac/srcjars/com/android/net/flags/FeatureFlags.java,77,5,77,25,
Lcom/android/net/flags/FeatureFlags;->tetheringRequestVirtual()Z,out/soong/.intermediates/packages/modules/Connectivity/common/com.android.net.flags-aconfig-java/android_common_apex30/javac/srcjars/com/android/net/flags/FeatureFlags.java,77,5,77,25,
Lcom/android/net/flags/FeatureFlags;->tetheringWithSoftApConfig()Z,out/soong/.intermediates/packages/modules/Connectivity/common/com.android.net.flags-aconfig-java/android_common_apex30/javac/srcjars/com/android/net/flags/FeatureFlags.java,81,5,81,25,
Lcom/android/net/flags/FeatureFlags;->tetheringWithSoftApConfig()Z,out/soong/.intermediates/packages/modules/Connectivity/common/com.android.net.flags-aconfig-java/android_common_apex30/javac/srcjars/com/android/net/flags/FeatureFlags.java,81,5,81,25,
Lcom/android/net/flags/FeatureFlagsImpl;->basicBackgroundRestrictionsEnabled()Z,out/soong/.intermediates/packages/modules/Connectivity/common/com.android.net.flags-aconfig-java/android_common_apex30/javac/srcjars/com/android/net/flags/FeatureFlagsImpl.java,8,5,8,25,
Lcom/android/net/flags/FeatureFlagsImpl;->basicBackgroundRestrictionsEnabled()Z,out/soong/.intermediates/packages/modules/Connectivity/common/com.android.net.flags-aconfig-java/android_common_apex30/javac/srcjars/com/android/net/flags/FeatureFlagsImpl.java,8,5,8,25,
Lcom/android/net/flags/FeatureFlagsImpl;->blockedReasonNetworkRestricted()Z,out/soong/.intermediates/packages/modules/Connectivity/common/com.android.net.flags-aconfig-java/android_common_apex30/javac/srcjars/com/android/net/flags/FeatureFlagsImpl.java,15,5,15,25,
Lcom/android/net/flags/FeatureFlagsImpl;->blockedReasonNetworkRestricted()Z,out/soong/.intermediates/packages/modules/Connectivity/common/com.android.net.flags-aconfig-java/android_common_apex30/javac/srcjars/com/android/net/flags/FeatureFlagsImpl.java,15,5,15,25,
Lcom/android/net/flags/FeatureFlagsImpl;->blockedReasonOemDenyChains()Z,out/soong/.intermediates/packages/modules/Connectivity/common/com.android.net.flags-aconfig-java/android_common_apex30/javac/srcjars/com/android/net/flags/FeatureFlagsImpl.java,22,5,22,25,
Lcom/android/net/flags/FeatureFlagsImpl;->blockedReasonOemDenyChains()Z,out/soong/.intermediates/packages/modules/Connectivity/common/com.android.net.flags-aconfig-java/android_common_apex30/javac/srcjars/com/android/net/flags/FeatureFlagsImpl.java,22,5,22,25,
Lcom/android/net/flags/FeatureFlagsImpl;->ipsecTransformState()Z,out/soong/.intermediates/packages/modules/Connectivity/common/com.android.net.flags-aconfig-java/android_common_apex30/javac/srcjars/com/android/net/flags/FeatureFlagsImpl.java,29,5,29,25,
Lcom/android/net/flags/FeatureFlagsImpl;->ipsecTransformState()Z,out/soong/.intermediates/packages/modules/Connectivity/common/com.android.net.flags-aconfig-java/android_common_apex30/javac/srcjars/com/android/net/flags/FeatureFlagsImpl.java,29,5,29,25,
Lcom/android/net/flags/FeatureFlagsImpl;->ipv6OverBle()Z,out/soong/.intermediates/packages/modules/Connectivity/common/com.android.net.flags-aconfig-java/android_common_apex30/javac/srcjars/com/android/net/flags/FeatureFlagsImpl.java,36,5,36,25,
Lcom/android/net/flags/FeatureFlagsImpl;->ipv6OverBle()Z,out/soong/.intermediates/packages/modules/Connectivity/common/com.android.net.flags-aconfig-java/android_common_apex30/javac/srcjars/com/android/net/flags/FeatureFlagsImpl.java,36,5,36,25,
Lcom/android/net/flags/FeatureFlagsImpl;->meteredNetworkFirewallChains()Z,out/soong/.intermediates/packages/modules/Connectivity/common/com.android.net.flags-aconfig-java/android_common_apex30/javac/srcjars/com/android/net/flags/FeatureFlagsImpl.java,43,5,43,25,
Lcom/android/net/flags/FeatureFlagsImpl;->meteredNetworkFirewallChains()Z,out/soong/.intermediates/packages/modules/Connectivity/common/com.android.net.flags-aconfig-java/android_common_apex30/javac/srcjars/com/android/net/flags/FeatureFlagsImpl.java,43,5,43,25,
Lcom/android/net/flags/FeatureFlagsImpl;->netCapabilityLocalNetwork()Z,out/soong/.intermediates/packages/modules/Connectivity/common/com.android.net.flags-aconfig-java/android_common_apex30/javac/srcjars/com/android/net/flags/FeatureFlagsImpl.java,50,5,50,25,
Lcom/android/net/flags/FeatureFlagsImpl;->netCapabilityLocalNetwork()Z,out/soong/.intermediates/packages/modules/Connectivity/common/com.android.net.flags-aconfig-java/android_common_apex30/javac/srcjars/com/android/net/flags/FeatureFlagsImpl.java,50,5,50,25,
Lcom/android/net/flags/FeatureFlagsImpl;->netCapabilityNotBandwidthConstrained()Z,out/soong/.intermediates/packages/modules/Connectivity/common/com.android.net.flags-aconfig-java/android_common_apex30/javac/srcjars/com/android/net/flags/FeatureFlagsImpl.java,57,5,57,25,
Lcom/android/net/flags/FeatureFlagsImpl;->netCapabilityNotBandwidthConstrained()Z,out/soong/.intermediates/packages/modules/Connectivity/common/com.android.net.flags-aconfig-java/android_common_apex30/javac/srcjars/com/android/net/flags/FeatureFlagsImpl.java,57,5,57,25,
Lcom/android/net/flags/FeatureFlagsImpl;->netstatsAddEntries()Z,out/soong/.intermediates/packages/modules/Connectivity/common/com.android.net.flags-aconfig-java/android_common_apex30/javac/srcjars/com/android/net/flags/FeatureFlagsImpl.java,64,5,64,25,
Lcom/android/net/flags/FeatureFlagsImpl;->netstatsAddEntries()Z,out/soong/.intermediates/packages/modules/Connectivity/common/com.android.net.flags-aconfig-java/android_common_apex30/javac/srcjars/com/android/net/flags/FeatureFlagsImpl.java,64,5,64,25,
Lcom/android/net/flags/FeatureFlagsImpl;->nsdSubtypesSupportEnabled()Z,out/soong/.intermediates/packages/modules/Connectivity/common/com.android.net.flags-aconfig-java/android_common_apex30/javac/srcjars/com/android/net/flags/FeatureFlagsImpl.java,71,5,71,25,
Lcom/android/net/flags/FeatureFlagsImpl;->nsdSubtypesSupportEnabled()Z,out/soong/.intermediates/packages/modules/Connectivity/common/com.android.net.flags-aconfig-java/android_common_apex30/javac/srcjars/com/android/net/flags/FeatureFlagsImpl.java,71,5,71,25,
Lcom/android/net/flags/FeatureFlagsImpl;->registerNsdOffloadEngineApi()Z,out/soong/.intermediates/packages/modules/Connectivity/common/com.android.net.flags-aconfig-java/android_common_apex30/javac/srcjars/com/android/net/flags/FeatureFlagsImpl.java,78,5,78,25,
Lcom/android/net/flags/FeatureFlagsImpl;->registerNsdOffloadEngineApi()Z,out/soong/.intermediates/packages/modules/Connectivity/common/com.android.net.flags-aconfig-java/android_common_apex30/javac/srcjars/com/android/net/flags/FeatureFlagsImpl.java,78,5,78,25,
Lcom/android/net/flags/FeatureFlagsImpl;->requestRestrictedWifi()Z,out/soong/.intermediates/packages/modules/Connectivity/common/com.android.net.flags-aconfig-java/android_common_apex30/javac/srcjars/com/android/net/flags/FeatureFlagsImpl.java,85,5,85,25,
Lcom/android/net/flags/FeatureFlagsImpl;->requestRestrictedWifi()Z,out/soong/.intermediates/packages/modules/Connectivity/common/com.android.net.flags-aconfig-java/android_common_apex30/javac/srcjars/com/android/net/flags/FeatureFlagsImpl.java,85,5,85,25,
Lcom/android/net/flags/FeatureFlagsImpl;->restrictLocalNetwork()Z,out/soong/.intermediates/packages/modules/Connectivity/common/com.android.net.flags-aconfig-java/android_common_apex30/javac/srcjars/com/android/net/flags/FeatureFlagsImpl.java,92,5,92,25,
Lcom/android/net/flags/FeatureFlagsImpl;->restrictLocalNetwork()Z,out/soong/.intermediates/packages/modules/Connectivity/common/com.android.net.flags-aconfig-java/android_common_apex30/javac/srcjars/com/android/net/flags/FeatureFlagsImpl.java,92,5,92,25,
Lcom/android/net/flags/FeatureFlagsImpl;->setDataSaverViaCm()Z,out/soong/.intermediates/packages/modules/Connectivity/common/com.android.net.flags-aconfig-java/android_common_apex30/javac/srcjars/com/android/net/flags/FeatureFlagsImpl.java,99,5,99,25,
Lcom/android/net/flags/FeatureFlagsImpl;->setDataSaverViaCm()Z,out/soong/.intermediates/packages/modules/Connectivity/common/com.android.net.flags-aconfig-java/android_common_apex30/javac/srcjars/com/android/net/flags/FeatureFlagsImpl.java,99,5,99,25,
Lcom/android/net/flags/FeatureFlagsImpl;->supportIsUidNetworkingBlocked()Z,out/soong/.intermediates/packages/modules/Connectivity/common/com.android.net.flags-aconfig-java/android_common_apex30/javac/srcjars/com/android/net/flags/FeatureFlagsImpl.java,106,5,106,25,
Lcom/android/net/flags/FeatureFlagsImpl;->supportIsUidNetworkingBlocked()Z,out/soong/.intermediates/packages/modules/Connectivity/common/com.android.net.flags-aconfig-java/android_common_apex30/javac/srcjars/com/android/net/flags/FeatureFlagsImpl.java,106,5,106,25,
Lcom/android/net/flags/FeatureFlagsImpl;->supportTransportSatellite()Z,out/soong/.intermediates/packages/modules/Connectivity/common/com.android.net.flags-aconfig-java/android_common_apex30/javac/srcjars/com/android/net/flags/FeatureFlagsImpl.java,113,5,113,25,
Lcom/android/net/flags/FeatureFlagsImpl;->supportTransportSatellite()Z,out/soong/.intermediates/packages/modules/Connectivity/common/com.android.net.flags-aconfig-java/android_common_apex30/javac/srcjars/com/android/net/flags/FeatureFlagsImpl.java,113,5,113,25,
Lcom/android/net/flags/FeatureFlagsImpl;->tetheringActiveSessionsMetrics()Z,out/soong/.intermediates/packages/modules/Connectivity/common/com.android.net.flags-aconfig-java/android_common_apex30/javac/srcjars/com/android/net/flags/FeatureFlagsImpl.java,120,5,120,25,
Lcom/android/net/flags/FeatureFlagsImpl;->tetheringActiveSessionsMetrics()Z,out/soong/.intermediates/packages/modules/Connectivity/common/com.android.net.flags-aconfig-java/android_common_apex30/javac/srcjars/com/android/net/flags/FeatureFlagsImpl.java,120,5,120,25,
Lcom/android/net/flags/FeatureFlagsImpl;->tetheringRequestVirtual()Z,out/soong/.intermediates/packages/modules/Connectivity/common/com.android.net.flags-aconfig-java/android_common_apex30/javac/srcjars/com/android/net/flags/FeatureFlagsImpl.java,127,5,127,25,
Lcom/android/net/flags/FeatureFlagsImpl;->tetheringRequestVirtual()Z,out/soong/.intermediates/packages/modules/Connectivity/common/com.android.net.flags-aconfig-java/android_common_apex30/javac/srcjars/com/android/net/flags/FeatureFlagsImpl.java,127,5,127,25,
Lcom/android/net/flags/FeatureFlagsImpl;->tetheringWithSoftApConfig()Z,out/soong/.intermediates/packages/modules/Connectivity/common/com.android.net.flags-aconfig-java/android_common_apex30/javac/srcjars/com/android/net/flags/FeatureFlagsImpl.java,134,5,134,25,
Lcom/android/net/flags/FeatureFlagsImpl;->tetheringWithSoftApConfig()Z,out/soong/.intermediates/packages/modules/Connectivity/common/com.android.net.flags-aconfig-java/android_common_apex30/javac/srcjars/com/android/net/flags/FeatureFlagsImpl.java,134,5,134,25,
Lcom/android/net/flags/Flags;->basicBackgroundRestrictionsEnabled()Z,out/soong/.intermediates/packages/modules/Connectivity/common/com.android.net.flags-aconfig-java/android_common_apex30/javac/srcjars/com/android/net/flags/Flags.java,47,5,47,25,
Lcom/android/net/flags/Flags;->basicBackgroundRestrictionsEnabled()Z,out/soong/.intermediates/packages/modules/Connectivity/common/com.android.net.flags-aconfig-java/android_common_apex30/javac/srcjars/com/android/net/flags/Flags.java,47,5,47,25,
Lcom/android/net/flags/Flags;->blockedReasonNetworkRestricted()Z,out/soong/.intermediates/packages/modules/Connectivity/common/com.android.net.flags-aconfig-java/android_common_apex30/javac/srcjars/com/android/net/flags/Flags.java,54,5,54,25,
Lcom/android/net/flags/Flags;->blockedReasonNetworkRestricted()Z,out/soong/.intermediates/packages/modules/Connectivity/common/com.android.net.flags-aconfig-java/android_common_apex30/javac/srcjars/com/android/net/flags/Flags.java,54,5,54,25,
Lcom/android/net/flags/Flags;->blockedReasonOemDenyChains()Z,out/soong/.intermediates/packages/modules/Connectivity/common/com.android.net.flags-aconfig-java/android_common_apex30/javac/srcjars/com/android/net/flags/Flags.java,61,5,61,25,
Lcom/android/net/flags/Flags;->blockedReasonOemDenyChains()Z,out/soong/.intermediates/packages/modules/Connectivity/common/com.android.net.flags-aconfig-java/android_common_apex30/javac/srcjars/com/android/net/flags/Flags.java,61,5,61,25,
Lcom/android/net/flags/Flags;->ipsecTransformState()Z,out/soong/.intermediates/packages/modules/Connectivity/common/com.android.net.flags-aconfig-java/android_common_apex30/javac/srcjars/com/android/net/flags/Flags.java,68,5,68,25,
Lcom/android/net/flags/Flags;->ipsecTransformState()Z,out/soong/.intermediates/packages/modules/Connectivity/common/com.android.net.flags-aconfig-java/android_common_apex30/javac/srcjars/com/android/net/flags/Flags.java,68,5,68,25,
Lcom/android/net/flags/Flags;->ipv6OverBle()Z,out/soong/.intermediates/packages/modules/Connectivity/common/com.android.net.flags-aconfig-java/android_common_apex30/javac/srcjars/com/android/net/flags/Flags.java,75,5,75,25,
Lcom/android/net/flags/Flags;->ipv6OverBle()Z,out/soong/.intermediates/packages/modules/Connectivity/common/com.android.net.flags-aconfig-java/android_common_apex30/javac/srcjars/com/android/net/flags/Flags.java,75,5,75,25,
Lcom/android/net/flags/Flags;->meteredNetworkFirewallChains()Z,out/soong/.intermediates/packages/modules/Connectivity/common/com.android.net.flags-aconfig-java/android_common_apex30/javac/srcjars/com/android/net/flags/Flags.java,82,5,82,25,
Lcom/android/net/flags/Flags;->meteredNetworkFirewallChains()Z,out/soong/.intermediates/packages/modules/Connectivity/common/com.android.net.flags-aconfig-java/android_common_apex30/javac/srcjars/com/android/net/flags/Flags.java,82,5,82,25,
Lcom/android/net/flags/Flags;->netCapabilityLocalNetwork()Z,out/soong/.intermediates/packages/modules/Connectivity/common/com.android.net.flags-aconfig-java/android_common_apex30/javac/srcjars/com/android/net/flags/Flags.java,89,5,89,25,
Lcom/android/net/flags/Flags;->netCapabilityLocalNetwork()Z,out/soong/.intermediates/packages/modules/Connectivity/common/com.android.net.flags-aconfig-java/android_common_apex30/javac/srcjars/com/android/net/flags/Flags.java,89,5,89,25,
Lcom/android/net/flags/Flags;->netCapabilityNotBandwidthConstrained()Z,out/soong/.intermediates/packages/modules/Connectivity/common/com.android.net.flags-aconfig-java/android_common_apex30/javac/srcjars/com/android/net/flags/Flags.java,96,5,96,25,
Lcom/android/net/flags/Flags;->netCapabilityNotBandwidthConstrained()Z,out/soong/.intermediates/packages/modules/Connectivity/common/com.android.net.flags-aconfig-java/android_common_apex30/javac/srcjars/com/android/net/flags/Flags.java,96,5,96,25,
Lcom/android/net/flags/Flags;->netstatsAddEntries()Z,out/soong/.intermediates/packages/modules/Connectivity/common/com.android.net.flags-aconfig-java/android_common_apex30/javac/srcjars/com/android/net/flags/Flags.java,103,5,103,25,
Lcom/android/net/flags/Flags;->netstatsAddEntries()Z,out/soong/.intermediates/packages/modules/Connectivity/common/com.android.net.flags-aconfig-java/android_common_apex30/javac/srcjars/com/android/net/flags/Flags.java,103,5,103,25,
Lcom/android/net/flags/Flags;->nsdSubtypesSupportEnabled()Z,out/soong/.intermediates/packages/modules/Connectivity/common/com.android.net.flags-aconfig-java/android_common_apex30/javac/srcjars/com/android/net/flags/Flags.java,110,5,110,25,
Lcom/android/net/flags/Flags;->nsdSubtypesSupportEnabled()Z,out/soong/.intermediates/packages/modules/Connectivity/common/com.android.net.flags-aconfig-java/android_common_apex30/javac/srcjars/com/android/net/flags/Flags.java,110,5,110,25,
Lcom/android/net/flags/Flags;->registerNsdOffloadEngineApi()Z,out/soong/.intermediates/packages/modules/Connectivity/common/com.android.net.flags-aconfig-java/android_common_apex30/javac/srcjars/com/android/net/flags/Flags.java,117,5,117,25,
Lcom/android/net/flags/Flags;->registerNsdOffloadEngineApi()Z,out/soong/.intermediates/packages/modules/Connectivity/common/com.android.net.flags-aconfig-java/android_common_apex30/javac/srcjars/com/android/net/flags/Flags.java,117,5,117,25,
Lcom/android/net/flags/Flags;->requestRestrictedWifi()Z,out/soong/.intermediates/packages/modules/Connectivity/common/com.android.net.flags-aconfig-java/android_common_apex30/javac/srcjars/com/android/net/flags/Flags.java,124,5,124,25,
Lcom/android/net/flags/Flags;->requestRestrictedWifi()Z,out/soong/.intermediates/packages/modules/Connectivity/common/com.android.net.flags-aconfig-java/android_common_apex30/javac/srcjars/com/android/net/flags/Flags.java,124,5,124,25,
Lcom/android/net/flags/Flags;->restrictLocalNetwork()Z,out/soong/.intermediates/packages/modules/Connectivity/common/com.android.net.flags-aconfig-java/android_common_apex30/javac/srcjars/com/android/net/flags/Flags.java,131,5,131,25,
Lcom/android/net/flags/Flags;->restrictLocalNetwork()Z,out/soong/.intermediates/packages/modules/Connectivity/common/com.android.net.flags-aconfig-java/android_common_apex30/javac/srcjars/com/android/net/flags/Flags.java,131,5,131,25,
Lcom/android/net/flags/Flags;->setDataSaverViaCm()Z,out/soong/.intermediates/packages/modules/Connectivity/common/com.android.net.flags-aconfig-java/android_common_apex30/javac/srcjars/com/android/net/flags/Flags.java,138,5,138,25,
Lcom/android/net/flags/Flags;->setDataSaverViaCm()Z,out/soong/.intermediates/packages/modules/Connectivity/common/com.android.net.flags-aconfig-java/android_common_apex30/javac/srcjars/com/android/net/flags/Flags.java,138,5,138,25,
Lcom/android/net/flags/Flags;->supportIsUidNetworkingBlocked()Z,out/soong/.intermediates/packages/modules/Connectivity/common/com.android.net.flags-aconfig-java/android_common_apex30/javac/srcjars/com/android/net/flags/Flags.java,145,5,145,25,
Lcom/android/net/flags/Flags;->supportIsUidNetworkingBlocked()Z,out/soong/.intermediates/packages/modules/Connectivity/common/com.android.net.flags-aconfig-java/android_common_apex30/javac/srcjars/com/android/net/flags/Flags.java,145,5,145,25,
Lcom/android/net/flags/Flags;->supportTransportSatellite()Z,out/soong/.intermediates/packages/modules/Connectivity/common/com.android.net.flags-aconfig-java/android_common_apex30/javac/srcjars/com/android/net/flags/Flags.java,152,5,152,25,
Lcom/android/net/flags/Flags;->supportTransportSatellite()Z,out/soong/.intermediates/packages/modules/Connectivity/common/com.android.net.flags-aconfig-java/android_common_apex30/javac/srcjars/com/android/net/flags/Flags.java,152,5,152,25,
Lcom/android/net/flags/Flags;->tetheringActiveSessionsMetrics()Z,out/soong/.intermediates/packages/modules/Connectivity/common/com.android.net.flags-aconfig-java/android_common_apex30/javac/srcjars/com/android/net/flags/Flags.java,159,5,159,25,
Lcom/android/net/flags/Flags;->tetheringActiveSessionsMetrics()Z,out/soong/.intermediates/packages/modules/Connectivity/common/com.android.net.flags-aconfig-java/android_common_apex30/javac/srcjars/com/android/net/flags/Flags.java,159,5,159,25,
Lcom/android/net/flags/Flags;->tetheringRequestVirtual()Z,out/soong/.intermediates/packages/modules/Connectivity/common/com.android.net.flags-aconfig-java/android_common_apex30/javac/srcjars/com/android/net/flags/Flags.java,166,5,166,25,
Lcom/android/net/flags/Flags;->tetheringRequestVirtual()Z,out/soong/.intermediates/packages/modules/Connectivity/common/com.android.net.flags-aconfig-java/android_common_apex30/javac/srcjars/com/android/net/flags/Flags.java,166,5,166,25,
Lcom/android/net/flags/Flags;->tetheringWithSoftApConfig()Z,out/soong/.intermediates/packages/modules/Connectivity/common/com.android.net.flags-aconfig-java/android_common_apex30/javac/srcjars/com/android/net/flags/Flags.java,173,5,173,25,
Lcom/android/net/flags/Flags;->tetheringWithSoftApConfig()Z,out/soong/.intermediates/packages/modules/Connectivity/common/com.android.net.flags-aconfig-java/android_common_apex30/javac/srcjars/com/android/net/flags/Flags.java,173,5,173,25,
Lcom/android/net/thread/flags/CustomFeatureFlags;->channelMaxPowersEnabled()Z,out/soong/.intermediates/packages/modules/Connectivity/common/com.android.net.thread.flags-aconfig-java/android_common_apex30/javac/srcjars/com/android/net/thread/flags/CustomFeatureFlags.java,20,5,20,25,
Lcom/android/net/thread/flags/CustomFeatureFlags;->configurationEnabled()Z,out/soong/.intermediates/packages/modules/Connectivity/common/com.android.net.thread.flags-aconfig-java/android_common_apex30/javac/srcjars/com/android/net/thread/flags/CustomFeatureFlags.java,27,5,27,25,
Lcom/android/net/thread/flags/CustomFeatureFlags;->epskcEnabled()Z,out/soong/.intermediates/packages/modules/Connectivity/common/com.android.net.thread.flags-aconfig-java/android_common_apex30/javac/srcjars/com/android/net/thread/flags/CustomFeatureFlags.java,34,5,34,25,
Lcom/android/net/thread/flags/CustomFeatureFlags;->setNat64ConfigurationEnabled()Z,out/soong/.intermediates/packages/modules/Connectivity/common/com.android.net.thread.flags-aconfig-java/android_common_apex30/javac/srcjars/com/android/net/thread/flags/CustomFeatureFlags.java,41,5,41,25,
Lcom/android/net/thread/flags/CustomFeatureFlags;->threadEnabled()Z,out/soong/.intermediates/packages/modules/Connectivity/common/com.android.net.thread.flags-aconfig-java/android_common_apex30/javac/srcjars/com/android/net/thread/flags/CustomFeatureFlags.java,48,5,48,25,
Lcom/android/net/thread/flags/CustomFeatureFlags;->threadMobileEnabled()Z,out/soong/.intermediates/packages/modules/Connectivity/common/com.android.net.thread.flags-aconfig-java/android_common_apex30/javac/srcjars/com/android/net/thread/flags/CustomFeatureFlags.java,55,5,55,25,
Lcom/android/net/thread/flags/FeatureFlags;->channelMaxPowersEnabled()Z,out/soong/.intermediates/packages/modules/Connectivity/common/com.android.net.thread.flags-aconfig-java/android_common_apex30/javac/srcjars/com/android/net/thread/flags/FeatureFlags.java,9,5,9,25,
Lcom/android/net/thread/flags/FeatureFlags;->configurationEnabled()Z,out/soong/.intermediates/packages/modules/Connectivity/common/com.android.net.thread.flags-aconfig-java/android_common_apex30/javac/srcjars/com/android/net/thread/flags/FeatureFlags.java,13,5,13,25,
Lcom/android/net/thread/flags/FeatureFlags;->epskcEnabled()Z,out/soong/.intermediates/packages/modules/Connectivity/common/com.android.net.thread.flags-aconfig-java/android_common_apex30/javac/srcjars/com/android/net/thread/flags/FeatureFlags.java,17,5,17,25,
Lcom/android/net/thread/flags/FeatureFlags;->setNat64ConfigurationEnabled()Z,out/soong/.intermediates/packages/modules/Connectivity/common/com.android.net.thread.flags-aconfig-java/android_common_apex30/javac/srcjars/com/android/net/thread/flags/FeatureFlags.java,21,5,21,25,
Lcom/android/net/thread/flags/FeatureFlags;->threadEnabled()Z,out/soong/.intermediates/packages/modules/Connectivity/common/com.android.net.thread.flags-aconfig-java/android_common_apex30/javac/srcjars/com/android/net/thread/flags/FeatureFlags.java,25,5,25,25,
Lcom/android/net/thread/flags/FeatureFlags;->threadMobileEnabled()Z,out/soong/.intermediates/packages/modules/Connectivity/common/com.android.net.thread.flags-aconfig-java/android_common_apex30/javac/srcjars/com/android/net/thread/flags/FeatureFlags.java,29,5,29,25,
Lcom/android/net/thread/flags/FeatureFlagsImpl;->channelMaxPowersEnabled()Z,out/soong/.intermediates/packages/modules/Connectivity/common/com.android.net.thread.flags-aconfig-java/android_common_apex30/javac/srcjars/com/android/net/thread/flags/FeatureFlagsImpl.java,8,5,8,25,
Lcom/android/net/thread/flags/FeatureFlagsImpl;->configurationEnabled()Z,out/soong/.intermediates/packages/modules/Connectivity/common/com.android.net.thread.flags-aconfig-java/android_common_apex30/javac/srcjars/com/android/net/thread/flags/FeatureFlagsImpl.java,15,5,15,25,
Lcom/android/net/thread/flags/FeatureFlagsImpl;->epskcEnabled()Z,out/soong/.intermediates/packages/modules/Connectivity/common/com.android.net.thread.flags-aconfig-java/android_common_apex30/javac/srcjars/com/android/net/thread/flags/FeatureFlagsImpl.java,22,5,22,25,
Lcom/android/net/thread/flags/FeatureFlagsImpl;->setNat64ConfigurationEnabled()Z,out/soong/.intermediates/packages/modules/Connectivity/common/com.android.net.thread.flags-aconfig-java/android_common_apex30/javac/srcjars/com/android/net/thread/flags/FeatureFlagsImpl.java,29,5,29,25,
Lcom/android/net/thread/flags/FeatureFlagsImpl;->threadEnabled()Z,out/soong/.intermediates/packages/modules/Connectivity/common/com.android.net.thread.flags-aconfig-java/android_common_apex30/javac/srcjars/com/android/net/thread/flags/FeatureFlagsImpl.java,36,5,36,25,
Lcom/android/net/thread/flags/FeatureFlagsImpl;->threadMobileEnabled()Z,out/soong/.intermediates/packages/modules/Connectivity/common/com.android.net.thread.flags-aconfig-java/android_common_apex30/javac/srcjars/com/android/net/thread/flags/FeatureFlagsImpl.java,43,5,43,25,
Lcom/android/net/thread/flags/Flags;->channelMaxPowersEnabled()Z,out/soong/.intermediates/packages/modules/Connectivity/common/com.android.net.thread.flags-aconfig-java/android_common_apex30/javac/srcjars/com/android/net/thread/flags/Flags.java,21,5,21,25,
Lcom/android/net/thread/flags/Flags;->configurationEnabled()Z,out/soong/.intermediates/packages/modules/Connectivity/common/com.android.net.thread.flags-aconfig-java/android_common_apex30/javac/srcjars/com/android/net/thread/flags/Flags.java,28,5,28,25,
Lcom/android/net/thread/flags/Flags;->epskcEnabled()Z,out/soong/.intermediates/packages/modules/Connectivity/common/com.android.net.thread.flags-aconfig-java/android_common_apex30/javac/srcjars/com/android/net/thread/flags/Flags.java,35,5,35,25,
Lcom/android/net/thread/flags/Flags;->setNat64ConfigurationEnabled()Z,out/soong/.intermediates/packages/modules/Connectivity/common/com.android.net.thread.flags-aconfig-java/android_common_apex30/javac/srcjars/com/android/net/thread/flags/Flags.java,42,5,42,25,
Lcom/android/net/thread/flags/Flags;->threadEnabled()Z,out/soong/.intermediates/packages/modules/Connectivity/common/com.android.net.thread.flags-aconfig-java/android_common_apex30/javac/srcjars/com/android/net/thread/flags/Flags.java,49,5,49,25,
Lcom/android/net/thread/flags/Flags;->threadMobileEnabled()Z,out/soong/.intermediates/packages/modules/Connectivity/common/com.android.net.thread.flags-aconfig-java/android_common_apex30/javac/srcjars/com/android/net/thread/flags/Flags.java,56,5,56,25,
