signature,properties
Landroid/app/usage/NetworkStatsManager;->setPollForce(Z)V,maxTargetSdk=30&trackingBug=170729553L
Landroid/net/ConnectivityManager$PacketKeepalive;->stop()V,maxTargetSdk=30&trackingBug=170729553L
Landroid/net/ConnectivityManager$PacketKeepaliveCallback;-><init>()V,maxTargetSdk=30&trackingBug=170729553L
Landroid/net/ConnectivityManager$PacketKeepaliveCallback;->onStarted()V,maxTargetSdk=30&trackingBug=170729553L
Landroid/net/ConnectivityManager$PacketKeepaliveCallback;->onStopped()V,maxTargetSdk=30&trackingBug=170729553L
Landroid/net/ConnectivityManager$PacketKeepaliveCallback;->onError(I)V,maxTargetSdk=30&trackingBug=170729553L
Landroid/net/ConnectivityManager;->INET_CONDITION_ACTION:Ljava/lang/String;,
Landroid/net/ConnectivityManager;->ACTION_TETHER_STATE_CHANGED:Ljava/lang/String;,maxTargetSdk=30&trackingBug=170729553L
Landroid/net/ConnectivityManager;->EXTRA_AVAILABLE_TETHER:Ljava/lang/String;,maxTargetSdk=30&trackingBug=170729553L
Landroid/net/ConnectivityManager;->EXTRA_ACTIVE_TETHER:Ljava/lang/String;,maxTargetSdk=30&trackingBug=170729553L
Landroid/net/ConnectivityManager;->EXTRA_ERRORED_TETHER:Ljava/lang/String;,maxTargetSdk=30&trackingBug=170729553L
Landroid/net/ConnectivityManager;->TYPE_MOBILE_FOTA:I,maxTargetSdk=28&trackingBug=130143562L
Landroid/net/ConnectivityManager;->TYPE_MOBILE_IMS:I,
Landroid/net/ConnectivityManager;->TYPE_MOBILE_CBS:I,maxTargetSdk=28&trackingBug=130143562L
Landroid/net/ConnectivityManager;->TYPE_MOBILE_IA:I,
Landroid/net/ConnectivityManager;->TYPE_MOBILE_EMERGENCY:I,maxTargetSdk=28&trackingBug=130143562L
Landroid/net/ConnectivityManager;->mService:Landroid/net/IConnectivityManager;,maxTargetSdk=28&trackingBug=130143562L
Landroid/net/ConnectivityManager;->getNetworkTypeName(I)Ljava/lang/String;,maxTargetSdk=30&trackingBug=170729553L
Landroid/net/ConnectivityManager;->isNetworkTypeMobile(I)Z,maxTargetSdk=28&trackingBug=130143562L
Landroid/net/ConnectivityManager;->getActiveNetworkInfoForUid(I)Landroid/net/NetworkInfo;,maxTargetSdk=30&trackingBug=170729553L
Landroid/net/ConnectivityManager;->getNetworkForType(I)Landroid/net/Network;,
Landroid/net/ConnectivityManager;->getDefaultNetworkCapabilitiesForUser(I)[Landroid/net/NetworkCapabilities;,
Landroid/net/ConnectivityManager;->getActiveLinkProperties()Landroid/net/LinkProperties;,maxTargetSdk=28&trackingBug=109783091L
Landroid/net/ConnectivityManager;->getLinkProperties(I)Landroid/net/LinkProperties;,maxTargetSdk=28&trackingBug=130143562L
Landroid/net/ConnectivityManager;->networkCapabilitiesForFeature(ILjava/lang/String;)Landroid/net/NetworkCapabilities;,maxTargetSdk=30&trackingBug=170729553L
Landroid/net/ConnectivityManager;->sLegacyRequests:Ljava/util/HashMap;,maxTargetSdk=30&trackingBug=170729553L
Landroid/net/ConnectivityManager;->requestNetworkForFeatureLocked(Landroid/net/NetworkCapabilities;)Landroid/net/NetworkRequest;,maxTargetSdk=30&trackingBug=170729553L
Landroid/net/ConnectivityManager;->removeRequestForFeature(Landroid/net/NetworkCapabilities;)Z,maxTargetSdk=30&trackingBug=170729553L
Landroid/net/ConnectivityManager;->startNattKeepalive(Landroid/net/Network;ILandroid/net/ConnectivityManager$PacketKeepaliveCallback;Ljava/net/InetAddress;ILjava/net/InetAddress;)Landroid/net/ConnectivityManager$PacketKeepalive;,maxTargetSdk=30&trackingBug=170729553L
Landroid/net/ConnectivityManager;->requestRouteToHostAddress(ILjava/net/InetAddress;)Z,
Landroid/net/ConnectivityManager;->setBackgroundDataSetting(Z)V,
Landroid/net/ConnectivityManager;->getMobileDataEnabled()Z,
Landroid/net/ConnectivityManager;->from(Landroid/content/Context;)Landroid/net/ConnectivityManager;,
Landroid/net/ConnectivityManager;->getInstance()Landroid/net/ConnectivityManager;,
Landroid/net/ConnectivityManager;->getTetherableIfaces()[Ljava/lang/String;,
Landroid/net/ConnectivityManager;->getTetheredIfaces()[Ljava/lang/String;,
Landroid/net/ConnectivityManager;->getTetheringErroredIfaces()[Ljava/lang/String;,
Landroid/net/ConnectivityManager;->tether(Ljava/lang/String;)I,maxTargetSdk=30&trackingBug=170729553L
Landroid/net/ConnectivityManager;->untether(Ljava/lang/String;)I,
Landroid/net/ConnectivityManager;->getTetherableUsbRegexs()[Ljava/lang/String;,
Landroid/net/ConnectivityManager;->getTetherableWifiRegexs()[Ljava/lang/String;,
Landroid/net/ConnectivityManager;->getTetherableBluetoothRegexs()[Ljava/lang/String;,
Landroid/net/ConnectivityManager;->setUsbTethering(Z)I,
Landroid/net/ConnectivityManager;->getLastTetherError(Ljava/lang/String;)I,maxTargetSdk=30&trackingBug=170729553L
Landroid/net/ConnectivityManager;->isNetworkSupported(I)Z,maxTargetSdk=28&trackingBug=130143562L
Landroid/net/ConnectivityManager;->setProcessDefaultNetworkForHostResolution(Landroid/net/Network;)Z,maxTargetSdk=30&trackingBug=170729553L
Landroid/net/EthernetManager$Listener;->onAvailabilityChanged(Ljava/lang/String;Z)V,maxTargetSdk=30&trackingBug=170729553L
Landroid/net/EthernetManager;->getConfiguration(Ljava/lang/String;)Landroid/net/IpConfiguration;,maxTargetSdk=30&trackingBug=170729553L
Landroid/net/EthernetManager;->setConfiguration(Ljava/lang/String;Landroid/net/IpConfiguration;)V,maxTargetSdk=30&trackingBug=170729553L
Landroid/net/EthernetManager;->isAvailable()Z,maxTargetSdk=30&trackingBug=170729553L
Landroid/net/EthernetManager;->isAvailable(Ljava/lang/String;)Z,maxTargetSdk=30&trackingBug=170729553L
Landroid/net/EthernetManager;->addListener(Landroid/net/EthernetManager$Listener;)V,maxTargetSdk=30&trackingBug=170729553L
Landroid/net/EthernetManager;->addListener(Landroid/net/EthernetManager$Listener;Ljava/util/concurrent/Executor;)V,maxTargetSdk=30&trackingBug=170729553L
Landroid/net/EthernetManager;->getAvailableInterfaces()[Ljava/lang/String;,maxTargetSdk=30&trackingBug=170729553L
Landroid/net/EthernetManager;->removeListener(Landroid/net/EthernetManager$Listener;)V,maxTargetSdk=30&trackingBug=170729553L
Landroid/net/IConnectivityManager;->getActiveNetworkInfo()Landroid/net/NetworkInfo;,overrideSourcePosition=%22packages%2Fmodules%2FConnectivity%2Fframework%2Fsrc%2Fandroid%2Fnet%2FIConnectivityManager.aidl%3A62%3A1%3A62%3A25%22
Landroid/net/IConnectivityManager;->getNetworkInfo(I)Landroid/net/NetworkInfo;,maxTargetSdk=28&overrideSourcePosition=%22packages%2Fmodules%2FConnectivity%2Fframework%2Fsrc%2Fandroid%2Fnet%2FIConnectivityManager.aidl%3A65%3A1%3A65%3A44%22
Landroid/net/IConnectivityManager;->getAllNetworkInfo()[Landroid/net/NetworkInfo;,overrideSourcePosition=%22packages%2Fmodules%2FConnectivity%2Fframework%2Fsrc%2Fandroid%2Fnet%2FIConnectivityManager.aidl%3A68%3A1%3A68%3A25%22
Landroid/net/IConnectivityManager;->getActiveLinkProperties()Landroid/net/LinkProperties;,overrideSourcePosition=%22packages%2Fmodules%2FConnectivity%2Fframework%2Fsrc%2Fandroid%2Fnet%2FIConnectivityManager.aidl%3A77%3A1%3A77%3A25%22
Landroid/net/IConnectivityManager;->getAllNetworkState()[Landroid/net/NetworkState;,maxTargetSdk=30&trackingBug=170729553L&overrideSourcePosition=%22packages%2Fmodules%2FConnectivity%2Fframework%2Fsrc%2Fandroid%2Fnet%2FIConnectivityManager.aidl%3A90%3A1%3A90%3A69%22
Landroid/net/IConnectivityManager;->getLastTetherError(Ljava/lang/String;)I,maxTargetSdk=29&publicAlternatives=%22Use+%7B%40code+TetheringManager%23getLastTetherError%7D+as+alternative%22&overrideSourcePosition=%22packages%2Fmodules%2FConnectivity%2Fframework%2Fsrc%2Fandroid%2Fnet%2FIConnectivityManager.aidl%3A100%3A1%3A101%3A99%22
Landroid/net/IConnectivityManager;->getTetherableIfaces()[Ljava/lang/String;,maxTargetSdk=29&publicAlternatives=%22Use+%7B%40code+TetheringManager%23getTetherableIfaces%7D+as+alternative%22&overrideSourcePosition=%22packages%2Fmodules%2FConnectivity%2Fframework%2Fsrc%2Fandroid%2Fnet%2FIConnectivityManager.aidl%3A104%3A1%3A105%3A100%22
Landroid/net/IConnectivityManager;->getTetheredIfaces()[Ljava/lang/String;,maxTargetSdk=29&publicAlternatives=%22Use+%7B%40code+TetheringManager%23getTetheredIfaces%7D+as+alternative%22&overrideSourcePosition=%22packages%2Fmodules%2FConnectivity%2Fframework%2Fsrc%2Fandroid%2Fnet%2FIConnectivityManager.aidl%3A108%3A1%3A109%3A98%22
Landroid/net/IConnectivityManager;->getTetheringErroredIfaces()[Ljava/lang/String;,maxTargetSdk=29&publicAlternatives=%22Use+%7B%40code+TetheringManager%23getTetheringErroredIfaces%7D+as+Alternative%22&overrideSourcePosition=%22packages%2Fmodules%2FConnectivity%2Fframework%2Fsrc%2Fandroid%2Fnet%2FIConnectivityManager.aidl%3A112%3A1%3A114%3A32%22
Landroid/net/IConnectivityManager;->getTetherableUsbRegexs()[Ljava/lang/String;,maxTargetSdk=29&publicAlternatives=%22Use+%7B%40code+TetheringManager%23getTetherableUsbRegexs%7D+as+alternative%22&overrideSourcePosition=%22packages%2Fmodules%2FConnectivity%2Fframework%2Fsrc%2Fandroid%2Fnet%2FIConnectivityManager.aidl%3A117%3A1%3A118%3A103%22
Landroid/net/IConnectivityManager;->getTetherableWifiRegexs()[Ljava/lang/String;,maxTargetSdk=29&publicAlternatives=%22Use+%7B%40code+TetheringManager%23getTetherableWifiRegexs%7D+as+alternative%22&overrideSourcePosition=%22packages%2Fmodules%2FConnectivity%2Fframework%2Fsrc%2Fandroid%2Fnet%2FIConnectivityManager.aidl%3A121%3A1%3A122%3A104%22
Landroid/net/IConnectivityManager;->reportInetCondition(II)V,maxTargetSdk=28&overrideSourcePosition=%22packages%2Fmodules%2FConnectivity%2Fframework%2Fsrc%2Fandroid%2Fnet%2FIConnectivityManager.aidl%3A125%3A1%3A125%3A44%22
Landroid/net/INetworkStatsService;->openSession()Landroid/net/INetworkStatsSession;,overrideSourcePosition=%22packages%2Fmodules%2FConnectivity%2Fframework-t%2Fsrc%2Fandroid%2Fnet%2FINetworkStatsService.aidl%3A38%3A1%3A38%3A25%22
Landroid/net/INetworkStatsService;->openSessionForUsageStats(ILjava/lang/String;)Landroid/net/INetworkStatsSession;,maxTargetSdk=30&trackingBug=170729553L&overrideSourcePosition=%22packages%2Fmodules%2FConnectivity%2Fframework-t%2Fsrc%2Fandroid%2Fnet%2FINetworkStatsService.aidl%3A47%3A1%3A47%3A69%22
Landroid/net/INetworkStatsService;->getDataLayerSnapshotForUid(I)Landroid/net/NetworkStats;,overrideSourcePosition=%22packages%2Fmodules%2FConnectivity%2Fframework-t%2Fsrc%2Fandroid%2Fnet%2FINetworkStatsService.aidl%3A51%3A1%3A51%3A25%22
Landroid/net/INetworkStatsService;->getMobileIfaces()[Ljava/lang/String;,overrideSourcePosition=%22packages%2Fmodules%2FConnectivity%2Fframework-t%2Fsrc%2Fandroid%2Fnet%2FINetworkStatsService.aidl%3A58%3A1%3A58%3A25%22
Landroid/net/INetworkStatsService;->forceUpdate()V,overrideSourcePosition=%22packages%2Fmodules%2FConnectivity%2Fframework-t%2Fsrc%2Fandroid%2Fnet%2FINetworkStatsService.aidl%3A71%3A1%3A71%3A25%22
Landroid/net/INetworkStatsSession;->getSummaryForNetwork(Landroid/net/NetworkTemplate;JJ)Landroid/net/NetworkStats;,overrideSourcePosition=%22packages%2Fmodules%2FConnectivity%2Fframework-t%2Fsrc%2Fandroid%2Fnet%2FINetworkStatsSession.aidl%3A30%3A1%3A30%3A25%22
Landroid/net/INetworkStatsSession;->getHistoryForNetwork(Landroid/net/NetworkTemplate;I)Landroid/net/NetworkStatsHistory;,overrideSourcePosition=%22packages%2Fmodules%2FConnectivity%2Fframework-t%2Fsrc%2Fandroid%2Fnet%2FINetworkStatsSession.aidl%3A33%3A1%3A33%3A25%22
Landroid/net/INetworkStatsSession;->getSummaryForAllUid(Landroid/net/NetworkTemplate;JJZ)Landroid/net/NetworkStats;,overrideSourcePosition=%22packages%2Fmodules%2FConnectivity%2Fframework-t%2Fsrc%2Fandroid%2Fnet%2FINetworkStatsSession.aidl%3A52%3A1%3A52%3A25%22
Landroid/net/INetworkStatsSession;->getHistoryForUid(Landroid/net/NetworkTemplate;IIII)Landroid/net/NetworkStatsHistory;,overrideSourcePosition=%22packages%2Fmodules%2FConnectivity%2Fframework-t%2Fsrc%2Fandroid%2Fnet%2FINetworkStatsSession.aidl%3A59%3A1%3A59%3A25%22
Landroid/net/INetworkStatsSession;->close()V,overrideSourcePosition=%22packages%2Fmodules%2FConnectivity%2Fframework-t%2Fsrc%2Fandroid%2Fnet%2FINetworkStatsSession.aidl%3A67%3A1%3A67%3A25%22
Landroid/net/IpConfiguration;->httpProxy:Landroid/net/ProxyInfo;,
Landroid/net/IpConfiguration;-><init>(Landroid/net/IpConfiguration$IpAssignment;Landroid/net/IpConfiguration$ProxySettings;Landroid/net/StaticIpConfiguration;Landroid/net/ProxyInfo;)V,maxTargetSdk=30&trackingBug=170729553L
Landroid/net/LinkAddress;->address:Ljava/net/InetAddress;,maxTargetSdk=28&trackingBug=115609023L
Landroid/net/LinkAddress;->prefixLength:I,maxTargetSdk=28&trackingBug=115609023L
Landroid/net/LinkAddress;->isIPv6()Z,maxTargetSdk=28
Landroid/net/LinkAddress;->getNetworkPrefixLength()I,
Landroid/net/LinkProperties;->mIfaceName:Ljava/lang/String;,maxTargetSdk=28&trackingBug=115609023L
Landroid/net/LinkProperties;->compareProvisioning(Landroid/net/LinkProperties;Landroid/net/LinkProperties;)Landroid/net/LinkProperties$ProvisioningChange;,maxTargetSdk=30&trackingBug=170729553L
Landroid/net/LinkProperties;->getAllAddresses()Ljava/util/List;,
Landroid/net/LinkProperties;->addStackedLink(Landroid/net/LinkProperties;)Z,
Landroid/net/LinkProperties;->getStackedLinks()Ljava/util/List;,maxTargetSdk=30&trackingBug=170729553L
Landroid/net/LinkProperties;->hasIPv4Address()Z,maxTargetSdk=28
Landroid/net/LinkProperties;->hasGlobalIPv6Address()Z,maxTargetSdk=28
Landroid/net/LinkProperties;->hasIPv4DefaultRoute()Z,maxTargetSdk=28
Landroid/net/LinkProperties;->hasIPv6DefaultRoute()Z,maxTargetSdk=28
Landroid/net/LinkProperties;->hasIPv4DnsServer()Z,maxTargetSdk=28
Landroid/net/LinkProperties;->hasIPv6DnsServer()Z,maxTargetSdk=28
Landroid/net/LinkProperties;->isIPv6Provisioned()Z,maxTargetSdk=28
Landroid/net/LinkProperties;->isIdenticalInterfaceName(Landroid/net/LinkProperties;)Z,
Landroid/net/LinkProperties;->isIdenticalAddresses(Landroid/net/LinkProperties;)Z,
Landroid/net/LinkProperties;->isIdenticalDnses(Landroid/net/LinkProperties;)Z,
Landroid/net/LinkProperties;->isIdenticalRoutes(Landroid/net/LinkProperties;)Z,
Landroid/net/LinkProperties;->isIdenticalHttpProxy(Landroid/net/LinkProperties;)Z,maxTargetSdk=28&trackingBug=115609023L
Landroid/net/LinkProperties;->isIdenticalStackedLinks(Landroid/net/LinkProperties;)Z,maxTargetSdk=30&trackingBug=170729553L
Landroid/net/MacAddress;->ALL_ZEROS_ADDRESS:Landroid/net/MacAddress;,maxTargetSdk=30&trackingBug=170729553L
Landroid/net/Network;->netId:I,
Landroid/net/Network;-><init>(I)V,maxTargetSdk=30&trackingBug=170729553L
Landroid/net/NetworkAgent;->sendNetworkInfo(Landroid/net/NetworkInfo;)V,maxTargetSdk=28&trackingBug=115609023L
Landroid/net/NetworkCapabilities;->mNetworkCapabilities:J,maxTargetSdk=30&trackingBug=170729553L
Landroid/net/NetworkCapabilities;->mSignalStrength:I,maxTargetSdk=28
Landroid/net/NetworkCapabilities;->hasSignalStrength()Z,maxTargetSdk=30&trackingBug=170729553L
Landroid/net/NetworkCapabilities;->transportNamesOf([I)Ljava/lang/String;,maxTargetSdk=30&trackingBug=170729553L
Landroid/net/NetworkInfo;-><init>(Landroid/net/NetworkInfo;)V,
Landroid/net/NetworkInfo;->setSubtype(ILjava/lang/String;)V,
Landroid/net/NetworkInfo;->setIsAvailable(Z)V,
Landroid/net/NetworkInfo;->setFailover(Z)V,
Landroid/net/NetworkInfo;->setRoaming(Z)V,
Landroid/net/NetworkRequest;->networkCapabilities:Landroid/net/NetworkCapabilities;,maxTargetSdk=30&trackingBug=170729553L
Landroid/net/NetworkRequest;->requestId:I,maxTargetSdk=30&trackingBug=170729553L
Landroid/net/NetworkRequest;->legacyType:I,maxTargetSdk=28&trackingBug=115609023L
Landroid/net/NetworkState;->network:Landroid/net/Network;,maxTargetSdk=28&trackingBug=115609023L
Landroid/net/NetworkState;-><init>(Landroid/os/Parcel;)V,
Landroid/net/NetworkState;->CREATOR:Landroid/os/Parcelable$Creator;,
Landroid/net/NetworkStats$Entry;->iface:Ljava/lang/String;,maxTargetSdk=30&trackingBug=170729553L
Landroid/net/NetworkStats$Entry;->uid:I,
Landroid/net/NetworkStats$Entry;->set:I,
Landroid/net/NetworkStats$Entry;->tag:I,maxTargetSdk=30&trackingBug=170729553L
Landroid/net/NetworkStats$Entry;->rxBytes:J,
Landroid/net/NetworkStats$Entry;->rxPackets:J,maxTargetSdk=30&trackingBug=170729553L
Landroid/net/NetworkStats$Entry;->txBytes:J,
Landroid/net/NetworkStats$Entry;->txPackets:J,maxTargetSdk=30&trackingBug=170729553L
Landroid/net/NetworkStats$Entry;->operations:J,maxTargetSdk=30&trackingBug=170729553L
Landroid/net/NetworkStats$Entry;-><init>()V,maxTargetSdk=30&trackingBug=170729553L
Landroid/net/NetworkStats;->size:I,maxTargetSdk=30&trackingBug=170729553L
Landroid/net/NetworkStats;->capacity:I,maxTargetSdk=30&trackingBug=170729553L
Landroid/net/NetworkStats;->iface:[Ljava/lang/String;,maxTargetSdk=30&trackingBug=170729553L
Landroid/net/NetworkStats;->uid:[I,
Landroid/net/NetworkStats;->set:[I,
Landroid/net/NetworkStats;->tag:[I,
Landroid/net/NetworkStats;->metered:[I,maxTargetSdk=30&trackingBug=170729553L
Landroid/net/NetworkStats;->roaming:[I,maxTargetSdk=30&trackingBug=170729553L
Landroid/net/NetworkStats;->defaultNetwork:[I,maxTargetSdk=30&trackingBug=170729553L
Landroid/net/NetworkStats;->rxBytes:[J,
Landroid/net/NetworkStats;->rxPackets:[J,maxTargetSdk=30&trackingBug=170729553L
Landroid/net/NetworkStats;->txBytes:[J,
Landroid/net/NetworkStats;->txPackets:[J,maxTargetSdk=30&trackingBug=170729553L
Landroid/net/NetworkStats;->operations:[J,maxTargetSdk=30&trackingBug=170729553L
Landroid/net/NetworkStats;-><init>(Landroid/os/Parcel;)V,maxTargetSdk=30&trackingBug=170729553L
Landroid/net/NetworkStats;->getValues(ILandroid/net/NetworkStats$Entry;)Landroid/net/NetworkStats$Entry;,
Landroid/net/NetworkStats;->size()I,
Landroid/net/NetworkStats;->getUniqueUids()[I,
Landroid/net/NetworkStats;->getTotalBytes()J,
Landroid/net/NetworkStats;->getTotal(Landroid/net/NetworkStats$Entry;)Landroid/net/NetworkStats$Entry;,
Landroid/net/NetworkStats;->getTotal(Landroid/net/NetworkStats$Entry;I)Landroid/net/NetworkStats$Entry;,
Landroid/net/NetworkStats;->getTotalIncludingTags(Landroid/net/NetworkStats$Entry;)Landroid/net/NetworkStats$Entry;,
Landroid/net/NetworkStatsHistory$Entry;->bucketDuration:J,maxTargetSdk=30&trackingBug=170729553L
Landroid/net/NetworkStatsHistory$Entry;->bucketStart:J,maxTargetSdk=30&trackingBug=170729553L
Landroid/net/NetworkStatsHistory$Entry;->rxBytes:J,
Landroid/net/NetworkStatsHistory$Entry;->rxPackets:J,maxTargetSdk=30&trackingBug=170729553L
Landroid/net/NetworkStatsHistory$Entry;->txBytes:J,
Landroid/net/NetworkStatsHistory$Entry;->txPackets:J,maxTargetSdk=30&trackingBug=170729553L
Landroid/net/NetworkStatsHistory;-><init>(J)V,
Landroid/net/NetworkStatsHistory;-><init>(Landroid/os/Parcel;)V,maxTargetSdk=30&trackingBug=170729553L
Landroid/net/NetworkStatsHistory;->size()I,maxTargetSdk=30&trackingBug=170729553L
Landroid/net/NetworkStatsHistory;->getStart()J,
Landroid/net/NetworkStatsHistory;->getEnd()J,
Landroid/net/NetworkStatsHistory;->getIndexBefore(J)I,maxTargetSdk=30&trackingBug=170729553L
Landroid/net/NetworkStatsHistory;->getValues(ILandroid/net/NetworkStatsHistory$Entry;)Landroid/net/NetworkStatsHistory$Entry;,maxTargetSdk=30&trackingBug=170729553L
Landroid/net/NetworkStatsHistory;->recordEntireHistory(Landroid/net/NetworkStatsHistory;)V,
Landroid/net/NetworkStatsHistory;->getValues(JJLandroid/net/NetworkStatsHistory$Entry;)Landroid/net/NetworkStatsHistory$Entry;,
Landroid/net/NetworkStatsHistory;->getValues(JJJLandroid/net/NetworkStatsHistory$Entry;)Landroid/net/NetworkStatsHistory$Entry;,
Landroid/net/NetworkStatsHistory;->CREATOR:Landroid/os/Parcelable$Creator;,
Landroid/net/NetworkTemplate;->buildTemplateMobileAll(Ljava/lang/String;)Landroid/net/NetworkTemplate;,maxTargetSdk=33&publicAlternatives=%22Use+%7B%40code+Builder%7D+instead.%22
Landroid/net/NetworkTemplate;->buildTemplateMobileWildcard()Landroid/net/NetworkTemplate;,maxTargetSdk=30&trackingBug=170729553L
Landroid/net/NetworkTemplate;->buildTemplateWifiWildcard()Landroid/net/NetworkTemplate;,maxTargetSdk=33&publicAlternatives=%22Use+%7B%40code+Builder%7D+instead.%22
Landroid/net/NetworkTemplate;->buildTemplateWifi()Landroid/net/NetworkTemplate;,maxTargetSdk=33&publicAlternatives=%22Use+%7B%40code+Builder%7D+instead.%22
Landroid/net/NetworkTemplate;->buildTemplateEthernet()Landroid/net/NetworkTemplate;,maxTargetSdk=33&publicAlternatives=%22Use+%7B%40code+Builder%7D+instead.%22
Landroid/net/NetworkTemplate;-><init>(ILjava/lang/String;Ljava/lang/String;)V,maxTargetSdk=33&publicAlternatives=%22Use+%7B%40code+Builder%7D+instead.%22
Landroid/net/NetworkTemplate;->getSubscriberId()Ljava/lang/String;,maxTargetSdk=33&publicAlternatives=%22Caller+should+use+%7B%40code+getSubscriberIds%7D+instead.%22
Landroid/net/NetworkTemplate;->normalize(Landroid/net/NetworkTemplate;[Ljava/lang/String;)Landroid/net/NetworkTemplate;,maxTargetSdk=33&publicAlternatives=%22There+is+no+alternative+for+%7B%40code+NetworkTemplate.normalize%7D.Callers+should+have+their+own+logic+to+merge+template+for+different+IMSIs+and+stop+calling+this+function.%22
Landroid/net/NetworkTemplate;->CREATOR:Landroid/os/Parcelable$Creator;,
Landroid/net/NetworkUtils;->intToInetAddress(I)Ljava/net/InetAddress;,
Landroid/net/NetworkUtils;->prefixLengthToNetmaskInt(I)I,
Landroid/net/NetworkUtils;->netmaskToPrefixLength(Ljava/net/Inet4Address;)I,maxTargetSdk=30&trackingBug=170729553L
Landroid/net/NetworkUtils;->numericToInetAddress(Ljava/lang/String;)Ljava/net/InetAddress;,maxTargetSdk=28
Landroid/net/NetworkUtils;->getImplicitNetmask(Ljava/net/Inet4Address;)I,maxTargetSdk=30&trackingBug=170729553L
Landroid/net/NetworkUtils;->trimV4AddrZeros(Ljava/lang/String;)Ljava/lang/String;,
Landroid/net/ProxyInfo;-><init>(Ljava/lang/String;ILjava/lang/String;)V,
Landroid/net/RouteInfo;->mGateway:Ljava/net/InetAddress;,
Landroid/net/RouteInfo;->mIsHost:Z,maxTargetSdk=28&trackingBug=115609023L
Landroid/net/RouteInfo;-><init>(Landroid/net/IpPrefix;Ljava/net/InetAddress;Ljava/lang/String;)V,maxTargetSdk=30&trackingBug=170729553L
Landroid/net/RouteInfo;-><init>(Landroid/net/LinkAddress;Ljava/net/InetAddress;Ljava/lang/String;)V,
Landroid/net/RouteInfo;-><init>(Landroid/net/LinkAddress;Ljava/net/InetAddress;)V,
Landroid/net/RouteInfo;-><init>(Ljava/net/InetAddress;)V,
Landroid/net/RouteInfo;->isHost()Z,maxTargetSdk=28&trackingBug=115609023L
Landroid/net/RouteInfo;->selectBestRoute(Ljava/util/Collection;Ljava/net/InetAddress;)Landroid/net/RouteInfo;,maxTargetSdk=30&trackingBug=170729553L
Landroid/net/StaticIpConfiguration;->ipAddress:Landroid/net/LinkAddress;,maxTargetSdk=30&trackingBug=170729553L
Landroid/net/StaticIpConfiguration;->gateway:Ljava/net/InetAddress;,maxTargetSdk=30&trackingBug=170729553L
Landroid/net/StaticIpConfiguration;->dnsServers:Ljava/util/ArrayList;,maxTargetSdk=30&trackingBug=170729553L
Landroid/net/StaticIpConfiguration;->domains:Ljava/lang/String;,maxTargetSdk=30&trackingBug=170729553L
Landroid/net/TrafficStats;->getStatsService()Landroid/net/INetworkStatsService;,maxTargetSdk=28&trackingBug=130143562L
Landroid/net/TrafficStats;->getMobileTcpRxPackets()J,maxTargetSdk=30&trackingBug=170729553L
Landroid/net/TrafficStats;->getMobileTcpTxPackets()J,maxTargetSdk=30&trackingBug=170729553L
Landroid/net/TrafficStats;->getMobileIfaces()[Ljava/lang/String;,maxTargetSdk=28&trackingBug=130143562L
Landroid/net/nsd/NsdServiceInfo;->setAttribute(Ljava/lang/String;[B)V,
Lcom/android/internal/util/Preconditions;->checkArgument(Z)V,
Lcom/android/internal/util/Preconditions;->checkArgument(ZLjava/lang/Object;)V,maxTargetSdk=30&trackingBug=170729553L
Lcom/android/internal/util/Preconditions;->checkNotNull(Ljava/lang/Object;)Ljava/lang/Object;,
Lcom/android/internal/util/Preconditions;->checkNotNull(Ljava/lang/Object;Ljava/lang/Object;)Ljava/lang/Object;,
Lcom/android/internal/util/Preconditions;->checkState(Z)V,
Lcom/android/internal/util/Preconditions;->checkState(ZLjava/lang/String;)V,maxTargetSdk=30&trackingBug=170729553L
Lcom/android/internal/util/Preconditions;->checkArgumentInRange(IIILjava/lang/String;)I,maxTargetSdk=30&trackingBug=170729553L
