<?xml version="1.0" encoding="UTF-8"?>
<root>
  <item name="android.net.TetheringInterface TetheringInterface(int, java.lang.String) 0">
    <annotation name="androidx.annotation.IntDef">
      <val name="value" val="{android.net.TetheringManager.TETHERING_WIFI, android.net.TetheringManager.TETHERING_USB, android.net.TetheringManager.TETHERING_BLUETOOTH, android.net.TetheringManager.TETHERING_WIFI_P2P, android.net.TetheringManager.TETHERING_NCM, android.net.TetheringManager.TETHERING_ETHERNET}" />
      <val name="flag" val="false" />
    </annotation>
  </item>
  <item name="android.net.TetheringManager void registerTetheringEventCallback(java.util.concurrent.Executor, android.net.TetheringManager.TetheringEventCallback)">
    <annotation name="androidx.annotation.RequiresPermission">
      <val name="value" val="&quot;android.permission.ACCESS_NETWORK_STATE&quot;" />
    </annotation>
  </item>
  <item name="android.net.TetheringManager void requestLatestTetheringEntitlementResult(int, boolean, java.util.concurrent.Executor, android.net.TetheringManager.OnTetheringEntitlementResultListener)">
    <annotation name="androidx.annotation.RequiresPermission">
      <val name="anyOf" val="{&quot;android.permission.TETHER_PRIVILEGED&quot;, &quot;android.permission.WRITE_SETTINGS&quot;}" />
    </annotation>
  </item>
  <item name="android.net.TetheringManager void requestLatestTetheringEntitlementResult(int, boolean, java.util.concurrent.Executor, android.net.TetheringManager.OnTetheringEntitlementResultListener) 0">
    <annotation name="androidx.annotation.IntDef">
      <val name="value" val="{android.net.TetheringManager.TETHERING_WIFI, android.net.TetheringManager.TETHERING_USB, android.net.TetheringManager.TETHERING_BLUETOOTH, android.net.TetheringManager.TETHERING_WIFI_P2P, android.net.TetheringManager.TETHERING_NCM, android.net.TetheringManager.TETHERING_ETHERNET}" />
      <val name="flag" val="false" />
    </annotation>
  </item>
  <item name="android.net.TetheringManager void startTethering(android.net.TetheringManager.TetheringRequest, java.util.concurrent.Executor, android.net.TetheringManager.StartTetheringCallback)">
    <annotation name="androidx.annotation.RequiresPermission">
      <val name="value" val="&quot;android.permission.TETHER_PRIVILEGED&quot;" />
      <val name="conditional" val="true" />
    </annotation>
  </item>
  <item name="android.net.TetheringManager void stopAllTethering()">
    <annotation name="androidx.annotation.RequiresPermission">
      <val name="anyOf" val="{&quot;android.permission.TETHER_PRIVILEGED&quot;, &quot;android.permission.WRITE_SETTINGS&quot;}" />
    </annotation>
  </item>
  <item name="android.net.TetheringManager void stopTethering(int)">
    <annotation name="androidx.annotation.RequiresPermission">
      <val name="anyOf" val="{&quot;android.permission.TETHER_PRIVILEGED&quot;, &quot;android.permission.WRITE_SETTINGS&quot;}" />
    </annotation>
  </item>
  <item name="android.net.TetheringManager void stopTethering(int) 0">
    <annotation name="androidx.annotation.IntDef">
      <val name="value" val="{android.net.TetheringManager.TETHERING_WIFI, android.net.TetheringManager.TETHERING_USB, android.net.TetheringManager.TETHERING_BLUETOOTH, android.net.TetheringManager.TETHERING_WIFI_P2P, android.net.TetheringManager.TETHERING_NCM, android.net.TetheringManager.TETHERING_ETHERNET}" />
      <val name="flag" val="false" />
    </annotation>
  </item>
  <item name="android.net.TetheringManager void unregisterTetheringEventCallback(android.net.TetheringManager.TetheringEventCallback)">
    <annotation name="androidx.annotation.RequiresPermission">
      <val name="anyOf" val="{&quot;android.permission.TETHER_PRIVILEGED&quot;, &quot;android.permission.ACCESS_NETWORK_STATE&quot;}" />
    </annotation>
  </item>
  <item name="android.net.TetheringManager.OnTetheringEntitlementResultListener void onTetheringEntitlementResult(int) 0">
    <annotation name="androidx.annotation.IntDef">
      <val name="value" val="{android.net.TetheringManager.TETHER_ERROR_NO_ERROR, android.net.TetheringManager.TETHER_ERROR_PROVISIONING_FAILED, android.net.TetheringManager.TETHER_ERROR_ENTITLEMENT_UNKNOWN}" />
    </annotation>
  </item>
  <item name="android.net.TetheringManager.StartTetheringCallback void onTetheringFailed(int) 0">
    <annotation name="androidx.annotation.IntDef">
      <val name="value" val="{android.net.TetheringManager.TETHER_ERROR_SERVICE_UNAVAIL, android.net.TetheringManager.TETHER_ERROR_UNSUPPORTED, android.net.TetheringManager.TETHER_ERROR_INTERNAL_ERROR, android.net.TetheringManager.TETHER_ERROR_NO_CHANGE_TETHERING_PERMISSION, android.net.TetheringManager.TETHER_ERROR_UNKNOWN_TYPE}" />
    </annotation>
  </item>
  <item name="android.net.TetheringManager.TetheringEventCallback void onError(android.net.TetheringInterface, int) 1">
    <annotation name="androidx.annotation.IntDef">
      <val name="value" val="{android.net.TetheringManager.TETHER_ERROR_NO_ERROR, android.net.TetheringManager.TETHER_ERROR_UNKNOWN_IFACE, android.net.TetheringManager.TETHER_ERROR_SERVICE_UNAVAIL, android.net.TetheringManager.TETHER_ERROR_INTERNAL_ERROR, android.net.TetheringManager.TETHER_ERROR_TETHER_IFACE_ERROR, android.net.TetheringManager.TETHER_ERROR_ENABLE_FORWARDING_ERROR, android.net.TetheringManager.TETHER_ERROR_DISABLE_FORWARDING_ERROR, android.net.TetheringManager.TETHER_ERROR_IFACE_CFG_ERROR, android.net.TetheringManager.TETHER_ERROR_DHCPSERVER_ERROR}" />
    </annotation>
  </item>
  <item name="android.net.TetheringManager.TetheringEventCallback void onError(java.lang.String, int) 1">
    <annotation name="androidx.annotation.IntDef">
      <val name="value" val="{android.net.TetheringManager.TETHER_ERROR_NO_ERROR, android.net.TetheringManager.TETHER_ERROR_UNKNOWN_IFACE, android.net.TetheringManager.TETHER_ERROR_SERVICE_UNAVAIL, android.net.TetheringManager.TETHER_ERROR_INTERNAL_ERROR, android.net.TetheringManager.TETHER_ERROR_TETHER_IFACE_ERROR, android.net.TetheringManager.TETHER_ERROR_ENABLE_FORWARDING_ERROR, android.net.TetheringManager.TETHER_ERROR_DISABLE_FORWARDING_ERROR, android.net.TetheringManager.TETHER_ERROR_IFACE_CFG_ERROR, android.net.TetheringManager.TETHER_ERROR_DHCPSERVER_ERROR}" />
    </annotation>
  </item>
  <item name="android.net.TetheringManager.TetheringEventCallback void onOffloadStatusChanged(int) 0">
    <annotation name="androidx.annotation.IntDef">
      <val name="value" val="{android.net.TetheringManager.TETHER_HARDWARE_OFFLOAD_STOPPED, android.net.TetheringManager.TETHER_HARDWARE_OFFLOAD_STARTED, android.net.TetheringManager.TETHER_HARDWARE_OFFLOAD_FAILED}" />
      <val name="flag" val="false" />
    </annotation>
  </item>
  <item name="android.net.TetheringManager.TetheringRequest int getConnectivityScope()">
    <annotation name="androidx.annotation.IntDef">
      <val name="value" val="{android.net.TetheringManager.CONNECTIVITY_SCOPE_GLOBAL, android.net.TetheringManager.CONNECTIVITY_SCOPE_LOCAL}" />
    </annotation>
  </item>
  <item name="android.net.TetheringManager.TetheringRequest int getTetheringType()">
    <annotation name="androidx.annotation.IntDef">
      <val name="value" val="{android.net.TetheringManager.TETHERING_WIFI, android.net.TetheringManager.TETHERING_USB, android.net.TetheringManager.TETHERING_BLUETOOTH, android.net.TetheringManager.TETHERING_WIFI_P2P, android.net.TetheringManager.TETHERING_NCM, android.net.TetheringManager.TETHERING_ETHERNET}" />
      <val name="flag" val="false" />
    </annotation>
  </item>
  <item name="android.net.TetheringManager.TetheringRequest.Builder Builder(int) 0">
    <annotation name="androidx.annotation.IntDef">
      <val name="value" val="{android.net.TetheringManager.TETHERING_WIFI, android.net.TetheringManager.TETHERING_USB, android.net.TetheringManager.TETHERING_BLUETOOTH, android.net.TetheringManager.TETHERING_WIFI_P2P, android.net.TetheringManager.TETHERING_NCM, android.net.TetheringManager.TETHERING_ETHERNET}" />
      <val name="flag" val="false" />
    </annotation>
  </item>
  <item name="android.net.TetheringManager.TetheringRequest.Builder android.net.TetheringManager.TetheringRequest.Builder setConnectivityScope(int)">
    <annotation name="androidx.annotation.RequiresPermission">
      <val name="value" val="&quot;android.permission.TETHER_PRIVILEGED&quot;" />
    </annotation>
  </item>
  <item name="android.net.TetheringManager.TetheringRequest.Builder android.net.TetheringManager.TetheringRequest.Builder setConnectivityScope(int) 0">
    <annotation name="androidx.annotation.IntDef">
      <val name="value" val="{android.net.TetheringManager.CONNECTIVITY_SCOPE_GLOBAL, android.net.TetheringManager.CONNECTIVITY_SCOPE_LOCAL}" />
    </annotation>
  </item>
  <item name="android.net.TetheringManager.TetheringRequest.Builder android.net.TetheringManager.TetheringRequest.Builder setExemptFromEntitlementCheck(boolean)">
    <annotation name="androidx.annotation.RequiresPermission">
      <val name="value" val="&quot;android.permission.TETHER_PRIVILEGED&quot;" />
    </annotation>
  </item>
  <item name="android.net.TetheringManager.TetheringRequest.Builder android.net.TetheringManager.TetheringRequest.Builder setShouldShowEntitlementUi(boolean)">
    <annotation name="androidx.annotation.RequiresPermission">
      <val name="value" val="&quot;android.permission.TETHER_PRIVILEGED&quot;" />
    </annotation>
  </item>
  <item name="android.net.TetheringManager.TetheringRequest.Builder android.net.TetheringManager.TetheringRequest.Builder setSoftApConfiguration(android.net.wifi.SoftApConfiguration)">
    <annotation name="androidx.annotation.RequiresPermission">
      <val name="value" val="&quot;android.permission.TETHER_PRIVILEGED&quot;" />
    </annotation>
  </item>
  <item name="android.net.TetheringManager.TetheringRequest.Builder android.net.TetheringManager.TetheringRequest.Builder setStaticIpv4Addresses(android.net.LinkAddress, android.net.LinkAddress)">
    <annotation name="androidx.annotation.RequiresPermission">
      <val name="value" val="&quot;android.permission.TETHER_PRIVILEGED&quot;" />
    </annotation>
  </item>
</root>

