<?xml version="1.0" encoding="UTF-8"?>
<root>
  <item name="android.net.TetheringInterface TetheringInterface(int, java.lang.String) 0">
    <annotation name="androidx.annotation.IntDef">
      <val name="value" val="{android.net.TetheringManager.TETHERING_WIFI}" />
      <val name="flag" val="false" />
    </annotation>
  </item>
  <item name="android.net.TetheringManager void registerTetheringEventCallback(java.util.concurrent.Executor, android.net.TetheringManager.TetheringEventCallback)">
    <annotation name="androidx.annotation.RequiresPermission">
      <val name="value" val="&quot;android.permission.ACCESS_NETWORK_STATE&quot;" />
    </annotation>
  </item>
  <item name="android.net.TetheringManager void startTethering(android.net.TetheringManager.TetheringRequest, java.util.concurrent.Executor, android.net.TetheringManager.StartTetheringCallback)">
    <annotation name="androidx.annotation.RequiresPermission">
      <val name="value" val="&quot;android.permission.TETHER_PRIVILEGED&quot;" />
      <val name="conditional" val="true" />
    </annotation>
  </item>
  <item name="android.net.TetheringManager void unregisterTetheringEventCallback(android.net.TetheringManager.TetheringEventCallback)">
    <annotation name="androidx.annotation.RequiresPermission">
      <val name="anyOf" val="{&quot;android.permission.TETHER_PRIVILEGED&quot;, &quot;android.permission.ACCESS_NETWORK_STATE&quot;}" />
    </annotation>
  </item>
  <item name="android.net.TetheringManager.StartTetheringCallback void onTetheringFailed(int) 0">
    <annotation name="androidx.annotation.IntDef">
      <val name="value" val="{android.net.TetheringManager.TETHER_ERROR_SERVICE_UNAVAIL, android.net.TetheringManager.TETHER_ERROR_UNSUPPORTED, android.net.TetheringManager.TETHER_ERROR_INTERNAL_ERROR, android.net.TetheringManager.TETHER_ERROR_NO_CHANGE_TETHERING_PERMISSION, android.net.TetheringManager.TETHER_ERROR_UNKNOWN_TYPE}" />
    </annotation>
  </item>
  <item name="android.net.TetheringManager.TetheringRequest.Builder Builder(int) 0">
    <annotation name="androidx.annotation.IntDef">
      <val name="value" val="{android.net.TetheringManager.TETHERING_WIFI}" />
      <val name="flag" val="false" />
    </annotation>
  </item>
</root>

